method,mechanism,model,severity,mean_train_time_sec
hybrid_linear_seasonal,MAR,lightgbm,10,4.165668709998135
hybrid_linear_seasonal,MAR,lightgbm,20,4.082090466665492
hybrid_linear_seasonal,MAR,lightgbm,30,4.161821383333882
hybrid_linear_seasonal,MAR,lightgbm,40,4.166178816667525
hybrid_linear_seasonal,MAR,lightgbm,50,4.209850613334371
hybrid_linear_seasonal,MAR,xgboost,10,8.23375762666595
hybrid_linear_seasonal,MAR,xgboost,20,8.093478373334316
hybrid_linear_seasonal,MAR,xgboost,30,7.909912666665817
hybrid_linear_seasonal,MAR,xgboost,40,7.85526001000253
hybrid_linear_seasonal,MAR,xgboost,50,7.982343746667417
hybrid_linear_seasonal,MCAR,lightgbm,10,3.9975651266654797
hybrid_linear_seasonal,MCAR,lightgbm,20,4.0507178766672345
hybrid_linear_seasonal,MCAR,lightgbm,30,4.041768153332911
hybrid_linear_seasonal,MCAR,lightgbm,40,4.031772306665274
hybrid_linear_seasonal,MCAR,lightgbm,50,4.120557036667014
hybrid_linear_seasonal,MCAR,xgboost,10,7.800412499996795
hybrid_linear_seasonal,MCAR,xgboost,20,7.821223720000125
hybrid_linear_seasonal,MCAR,xgboost,30,7.814347286666938
hybrid_linear_seasonal,MCAR,xgboost,40,7.822771243337774
hybrid_linear_seasonal,MCAR,xgboost,50,7.765360266667752
native,MAR,lightgbm,10,3.621826693331241
native,MAR,lightgbm,20,3.750873663334642
native,MAR,lightgbm,30,3.763101456661631
native,MAR,lightgbm,40,3.860185109997595
native,MAR,lightgbm,50,3.919339836666283
native,MAR,xgboost,10,7.559421566665211
native,MAR,xgboost,20,7.571448440000919
native,MAR,xgboost,30,7.611491746669829
native,MAR,xgboost,40,7.631042126669005
native,MAR,xgboost,50,7.577112996661648
native,MCAR,lightgbm,10,3.7451701599997858
native,MCAR,lightgbm,20,3.8145816433311364
native,MCAR,lightgbm,30,3.735460866668533
native,MCAR,lightgbm,40,3.8097737566626164
native,MCAR,lightgbm,50,3.922273339999568
native,MCAR,xgboost,10,7.605337259998972
native,MCAR,xgboost,20,7.745046646662134
native,MCAR,xgboost,30,7.875834133337291
native,MCAR,xgboost,40,7.758153220000289
native,MCAR,xgboost,50,7.729241413332057
positive_matrix_factorization,MAR,lightgbm,10,3.9580123999970964
positive_matrix_factorization,MAR,lightgbm,20,3.958737096665815
positive_matrix_factorization,MAR,lightgbm,30,3.9375496166651525
positive_matrix_factorization,MAR,lightgbm,40,3.9537349766653884
positive_matrix_factorization,MAR,lightgbm,50,4.101177826662509
positive_matrix_factorization,MAR,xgboost,10,7.69157276666568
positive_matrix_factorization,MAR,xgboost,20,7.800209553332146
positive_matrix_factorization,MAR,xgboost,30,7.766013156667274
positive_matrix_factorization,MAR,xgboost,40,7.849176480000218
positive_matrix_factorization,MAR,xgboost,50,7.847573570001017
positive_matrix_factorization,MCAR,lightgbm,10,3.8483852166633974
positive_matrix_factorization,MCAR,lightgbm,20,3.8577115933352615
positive_matrix_factorization,MCAR,lightgbm,30,4.080385859998447
positive_matrix_factorization,MCAR,lightgbm,40,3.963773536668547
positive_matrix_factorization,MCAR,lightgbm,50,4.015658399999181
positive_matrix_factorization,MCAR,xgboost,10,7.501647063331135
positive_matrix_factorization,MCAR,xgboost,20,7.521692303333354
positive_matrix_factorization,MCAR,xgboost,30,7.536673106670302
positive_matrix_factorization,MCAR,xgboost,40,7.6309755699980695
positive_matrix_factorization,MCAR,xgboost,50,7.715037683337384
saits,MAR,lightgbm,10,3.9336449166643432
saits,MAR,lightgbm,20,3.835386029999548
saits,MAR,lightgbm,30,3.8287976700007373
saits,MAR,lightgbm,40,3.836540986666417
saits,MAR,lightgbm,50,3.8596118433313675
saits,MAR,xgboost,10,8.985685946667218
saits,MAR,xgboost,20,7.812911230001676
saits,MAR,xgboost,30,8.40222504666599
saits,MAR,xgboost,40,8.906562163334456
saits,MAR,xgboost,50,8.691121980001723
saits,MCAR,lightgbm,10,4.497306906664744
saits,MCAR,lightgbm,20,4.604062296667447
saits,MCAR,lightgbm,30,5.354760376669583
saits,MCAR,lightgbm,40,4.869700959999076
saits,MCAR,lightgbm,50,4.929871416668175
saits,MCAR,xgboost,10,6.628376316671105
saits,MCAR,xgboost,20,6.69841729333275
saits,MCAR,xgboost,30,6.734886876670256
saits,MCAR,xgboost,40,6.704550213333762
saits,MCAR,xgboost,50,7.646687609997268
spatial,MAR,lightgbm,10,3.832657809997909
spatial,MAR,lightgbm,20,3.8146462166681885
spatial,MAR,lightgbm,30,3.833766370002801
spatial,MAR,lightgbm,40,3.7955719933321235
spatial,MAR,lightgbm,50,3.888757033329845
spatial,MAR,xgboost,10,7.573399466668101
spatial,MAR,xgboost,20,7.59713196666659
spatial,MAR,xgboost,30,7.651006100000814
spatial,MAR,xgboost,40,7.698738926666556
spatial,MAR,xgboost,50,7.6631178433327785
spatial,MCAR,lightgbm,10,3.614412946667289
spatial,MCAR,lightgbm,20,3.68748978000076
spatial,MCAR,lightgbm,30,3.6857119766646065
spatial,MCAR,lightgbm,40,3.6722898666679007
spatial,MCAR,lightgbm,50,3.726429606664654
spatial,MCAR,xgboost,10,7.57473245000195
spatial,MCAR,xgboost,20,7.512941079999049
spatial,MCAR,xgboost,30,7.570192400005181
spatial,MCAR,xgboost,40,7.634010253336358
spatial,MCAR,xgboost,50,7.649712339994342
spatiotemporal,MAR,lightgbm,10,3.167093106666774
spatiotemporal,MAR,lightgbm,20,3.184426656670985
spatiotemporal,MAR,lightgbm,30,3.1717237533380587
spatiotemporal,MAR,lightgbm,40,3.211673356667355
spatiotemporal,MAR,lightgbm,50,3.2524151333336095
spatiotemporal,MAR,xgboost,10,7.601268879997466
spatiotemporal,MAR,xgboost,20,7.089873749998515
spatiotemporal,MAR,xgboost,30,6.798098410000481
spatiotemporal,MAR,xgboost,40,6.634694123327305
spatiotemporal,MAR,xgboost,50,6.705598120000407
spatiotemporal,MCAR,lightgbm,10,3.7124917499973282
spatiotemporal,MCAR,lightgbm,20,3.867255316667918
spatiotemporal,MCAR,lightgbm,30,3.8632151100018137
spatiotemporal,MCAR,lightgbm,40,3.7577725499975108
spatiotemporal,MCAR,lightgbm,50,3.7572020833361117
spatiotemporal,MCAR,xgboost,10,7.633201319998867
spatiotemporal,MCAR,xgboost,20,7.662224803337207
spatiotemporal,MCAR,xgboost,30,7.800430720003593
spatiotemporal,MCAR,xgboost,40,8.531965073332929
spatiotemporal,MCAR,xgboost,50,9.951459110003391
temporal,MAR,lightgbm,10,5.967143409998971
temporal,MAR,lightgbm,20,5.849494910000552
temporal,MAR,lightgbm,30,5.830752146667025
temporal,MAR,lightgbm,40,6.159654936666872
temporal,MAR,lightgbm,50,6.131013036661898
temporal,MAR,xgboost,10,7.542622429995875
temporal,MAR,xgboost,20,7.967946806665471
temporal,MAR,xgboost,30,7.557633500000035
temporal,MAR,xgboost,40,7.535940699998173
temporal,MAR,xgboost,50,7.581451536664584
temporal,MCAR,lightgbm,10,3.687113909998637
temporal,MCAR,lightgbm,20,3.6657669999985956
temporal,MCAR,lightgbm,30,3.808573539996481
temporal,MCAR,lightgbm,40,3.7617769566665324
temporal,MCAR,lightgbm,50,3.7522017599995405
temporal,MCAR,xgboost,10,7.348524090003533
temporal,MCAR,xgboost,20,7.310354760002034
temporal,MCAR,xgboost,30,7.358156423333761
temporal,MCAR,xgboost,40,7.446002503330237
temporal,MCAR,xgboost,50,7.74006855666618
