method,family,scenario,severity,computation_time_sec,fallback_total
temporal_linear,temporal,MCAR,10,0.4227634999988368,0
temporal_cubic_spline,temporal,MCAR,10,0.6291958000074374,0
temporal_seasonal_naive,temporal,MCAR,10,0.4586496999982046,0
spatial_idw,spatial,MCAR,10,5.5306744999979855,0
spatial_ordinary_kriging,spatial,MCAR,10,345.18539139999484,0
spatial_knn,spatial,MCAR,10,5.059757100010756,0
spatiotemporal_knn,spatiotemporal,MCAR,10,0.8776063999976031,0
spatiotemporal_mice,spatiotemporal,MCAR,10,5.725158499990357,0
spatiotemporal_lowrank,spatiotemporal,MCAR,10,2.9088635000080103,0
saits,external_benchmark,MCAR,10,6.983956600000965,0
positive_matrix_factorization,external_benchmark,MCAR,10,6.773461499993573,0
temporal_linear,temporal,MCAR,20,0.5938983000087319,0
temporal_cubic_spline,temporal,MCAR,20,0.7702180999913253,0
temporal_seasonal_naive,temporal,MCAR,20,0.4780511999997543,0
spatial_idw,spatial,MCAR,20,7.414857799987658,0
spatial_ordinary_kriging,spatial,MCAR,20,457.7138763999974,0
spatial_knn,spatial,MCAR,20,5.779752000002191,0
spatiotemporal_knn,spatiotemporal,MCAR,20,0.9766168999922228,0
spatiotemporal_mice,spatiotemporal,MCAR,20,5.436281600006623,0
spatiotemporal_lowrank,spatiotemporal,MCAR,20,2.745343799993861,0
saits,external_benchmark,MCAR,20,6.868654200006858,0
positive_matrix_factorization,external_benchmark,MCAR,20,6.768758699996397,0
temporal_linear,temporal,MCAR,30,0.3972571999911451,0
temporal_cubic_spline,temporal,MCAR,30,0.6175849999999627,0
temporal_seasonal_naive,temporal,MCAR,30,0.4309121999976923,0
spatial_idw,spatial,MCAR,30,9.21093079999264,0
spatial_ordinary_kriging,spatial,MCAR,30,497.93419660000654,0
spatial_knn,spatial,MCAR,30,6.488537299999734,0
spatiotemporal_knn,spatiotemporal,MCAR,30,1.0539148999960162,0
spatiotemporal_mice,spatiotemporal,MCAR,30,4.70703429999412,0
spatiotemporal_lowrank,spatiotemporal,MCAR,30,2.6059485000005225,0
saits,external_benchmark,MCAR,30,6.602319800003897,0
positive_matrix_factorization,external_benchmark,MCAR,30,6.768458800012013,0
temporal_linear,temporal,MCAR,40,0.394209400008549,0
temporal_cubic_spline,temporal,MCAR,40,0.6157525000016904,0
temporal_seasonal_naive,temporal,MCAR,40,0.4111758000071859,0
spatial_idw,spatial,MCAR,40,10.695043999992777,0
spatial_ordinary_kriging,spatial,MCAR,40,524.5741650999989,0
spatial_knn,spatial,MCAR,40,7.645540400000755,0
spatiotemporal_knn,spatiotemporal,MCAR,40,1.1786207999975886,0
spatiotemporal_mice,spatiotemporal,MCAR,40,4.533697399994708,0
spatiotemporal_lowrank,spatiotemporal,MCAR,40,2.59120479998819,0
saits,external_benchmark,MCAR,40,6.563777000003029,0
positive_matrix_factorization,external_benchmark,MCAR,40,7.096520799997961,0
temporal_linear,temporal,MCAR,50,0.4082665000023553,0
temporal_cubic_spline,temporal,MCAR,50,0.59624420000182,0
temporal_seasonal_naive,temporal,MCAR,50,0.4457586999924388,0
spatial_idw,spatial,MCAR,50,12.803421899996463,72
spatial_ordinary_kriging,spatial,MCAR,50,542.3008214000001,72
spatial_knn,spatial,MCAR,50,8.631238400004804,72
spatiotemporal_knn,spatiotemporal,MCAR,50,1.2921853000007104,0
spatiotemporal_mice,spatiotemporal,MCAR,50,4.223567400011234,0
spatiotemporal_lowrank,spatiotemporal,MCAR,50,2.610127599997213,0
saits,external_benchmark,MCAR,50,6.763149499995052,0
positive_matrix_factorization,external_benchmark,MCAR,50,6.891366199997719,0
temporal_linear,temporal,MAR,10,0.3875012999924365,0
temporal_cubic_spline,temporal,MAR,10,0.6231014000077266,0
temporal_seasonal_naive,temporal,MAR,10,0.4350153999985195,0
spatial_idw,spatial,MAR,10,5.226451900001848,852
spatial_ordinary_kriging,spatial,MAR,10,242.9694197999925,852
spatial_knn,spatial,MAR,10,4.431623099997523,852
spatiotemporal_knn,spatiotemporal,MAR,10,0.8439025000116089,0
spatiotemporal_mice,spatiotemporal,MAR,10,5.382538600009866,0
spatiotemporal_lowrank,spatiotemporal,MAR,10,2.6747574000037275,0
saits,external_benchmark,MAR,10,6.532996900001308,0
positive_matrix_factorization,external_benchmark,MAR,10,6.644122700003209,0
temporal_linear,temporal,MAR,20,0.4144870999880368,0
temporal_cubic_spline,temporal,MAR,20,0.6272170000011101,0
temporal_seasonal_naive,temporal,MAR,20,0.4419889999990118,0
spatial_idw,spatial,MAR,20,7.121406500009471,1668
spatial_ordinary_kriging,spatial,MAR,20,367.233335900004,1668
spatial_knn,spatial,MAR,20,5.710822299995925,1668
spatiotemporal_knn,spatiotemporal,MAR,20,0.9810404000018024,0
spatiotemporal_mice,spatiotemporal,MAR,20,5.371092700006557,0
spatiotemporal_lowrank,spatiotemporal,MAR,20,2.5109691000106977,0
saits,external_benchmark,MAR,20,6.3849628000025405,0
positive_matrix_factorization,external_benchmark,MAR,20,6.522659800000838,0
temporal_linear,temporal,MAR,30,0.3809840000030817,0
temporal_cubic_spline,temporal,MAR,30,0.6080198999989079,0
temporal_seasonal_naive,temporal,MAR,30,0.4172197000007145,0
spatial_idw,spatial,MAR,30,8.813616499988711,2844
spatial_ordinary_kriging,spatial,MAR,30,438.830412700001,2844
spatial_knn,spatial,MAR,30,6.85825279999699,2844
spatiotemporal_knn,spatiotemporal,MAR,30,1.1312899000040488,0
spatiotemporal_mice,spatiotemporal,MAR,30,5.210110999993049,0
spatiotemporal_lowrank,spatiotemporal,MAR,30,2.7862549999990733,0
saits,external_benchmark,MAR,30,6.560416699998314,0
positive_matrix_factorization,external_benchmark,MAR,30,6.603720399987651,0
temporal_linear,temporal,MAR,40,0.3950157000072067,0
temporal_cubic_spline,temporal,MAR,40,0.6412381999980425,0
temporal_seasonal_naive,temporal,MAR,40,0.4429257000010693,0
spatial_idw,spatial,MAR,40,10.64304730000731,5028
spatial_ordinary_kriging,spatial,MAR,40,458.6398136999924,5028
spatial_knn,spatial,MAR,40,7.480836899994756,5028
spatiotemporal_knn,spatiotemporal,MAR,40,1.203048600000329,0
spatiotemporal_mice,spatiotemporal,MAR,40,4.532691700005671,0
spatiotemporal_lowrank,spatiotemporal,MAR,40,2.815918199994485,0
saits,external_benchmark,MAR,40,6.87542840000242,0
positive_matrix_factorization,external_benchmark,MAR,40,6.579999099994893,0
temporal_linear,temporal,MAR,50,0.4355687999923248,0
temporal_cubic_spline,temporal,MAR,50,0.6195822000008775,0
temporal_seasonal_naive,temporal,MAR,50,0.4290720999997575,0
spatial_idw,spatial,MAR,50,12.267571899996256,9696
spatial_ordinary_kriging,spatial,MAR,50,457.836942799986,9696
spatial_knn,spatial,MAR,50,8.365352399996482,9696
spatiotemporal_knn,spatiotemporal,MAR,50,1.2969768999901137,0
spatiotemporal_mice,spatiotemporal,MAR,50,4.55450149999524,0
spatiotemporal_lowrank,spatiotemporal,MAR,50,2.8190983999957098,0
saits,external_benchmark,MAR,50,6.634750700002769,0
positive_matrix_factorization,external_benchmark,MAR,50,6.82381400000304,0
hybrid_linear_seasonal,external_benchmark,MCAR,10,3.664615900008357,0
hybrid_linear_seasonal,external_benchmark,MCAR,20,6.493851899998845,0
hybrid_linear_seasonal,external_benchmark,MCAR,30,8.345934500001022,0
hybrid_linear_seasonal,external_benchmark,MCAR,40,9.538740400006645,0
hybrid_linear_seasonal,external_benchmark,MCAR,50,9.817323299997952,0
hybrid_linear_seasonal,external_benchmark,MAR,10,3.233354700001655,0
hybrid_linear_seasonal,external_benchmark,MAR,20,5.491044399997918,0
hybrid_linear_seasonal,external_benchmark,MAR,30,7.144745600002352,0
hybrid_linear_seasonal,external_benchmark,MAR,40,8.088760299986461,0
hybrid_linear_seasonal,external_benchmark,MAR,50,9.187010599998757,0
