method,family,scenario,severity,column,n_evaluated,rmse,mae,r2,computation_time_sec
temporal_linear,temporal,MCAR,10,PM2.5,41203,13.690197636844848,7.236807289888881,0.9712899740244728,0.4227634999988368
temporal_cubic_spline,temporal,MCAR,10,PM2.5,41203,14.114426704697069,7.650146338496211,0.9694830844820426,0.6291958000074374
temporal_seasonal_naive,temporal,MCAR,10,PM2.5,41203,80.325339333298,59.24067201422325,0.0116306080935572,0.4586496999982046
spatial_idw,spatial,MCAR,10,PM2.5,41203,25.35297013453518,14.143228007847815,0.9015372775940907,5.5306744999979855
spatial_ordinary_kriging,spatial,MCAR,10,PM2.5,41203,24.738579019773077,13.72557945740856,0.9062516462348988,345.18539139999484
spatial_knn,spatial,MCAR,10,PM2.5,41203,26.152667354132003,14.521684527203934,0.8952277840156735,5.059757100010756
spatiotemporal_knn,spatiotemporal,MCAR,10,PM2.5,41203,22.27580824495366,12.964805697249863,0.9239881870001532,0.8776063999976031
spatiotemporal_mice,spatiotemporal,MCAR,10,PM2.5,41203,19.06067973137931,11.41746225611253,0.944346700401538,5.725158499990357
spatiotemporal_lowrank,spatiotemporal,MCAR,10,PM2.5,41203,28.07748753618557,15.328956916441264,0.8792379057157462,2.9088635000080103
saits,external_benchmark,MCAR,10,PM2.5,41203,30.97447679253854,20.53848841723969,0.8530322287554314,6.983956600000965
positive_matrix_factorization,external_benchmark,MCAR,10,PM2.5,41203,26.946752109924997,15.597770872645189,0.8887687022604731,6.773461499993573
temporal_linear,temporal,MCAR,20,PM2.5,82406,14.179081541564544,7.637779590151165,0.969262725874339,0.5938983000087319
temporal_cubic_spline,temporal,MCAR,20,PM2.5,82406,15.14294711861968,8.166948527509817,0.9649417719583444,0.7702180999913253
temporal_seasonal_naive,temporal,MCAR,20,PM2.5,82406,80.35988265220844,59.0134751604813,0.0127031805541789,0.4780511999997543
spatial_idw,spatial,MCAR,20,PM2.5,82406,26.013675217747597,14.455719755518649,0.89653997531927,7.414857799987658
spatial_ordinary_kriging,spatial,MCAR,20,PM2.5,82406,25.67297238069717,14.048757630727067,0.8992322741640056,457.7138763999974
spatial_knn,spatial,MCAR,20,PM2.5,82406,26.880704853208304,14.90221952315257,0.8895284481087888,5.779752000002191
spatiotemporal_knn,spatiotemporal,MCAR,20,PM2.5,82406,23.07039664528497,13.490518481514544,0.9186271976166184,0.9766168999922228
spatiotemporal_mice,spatiotemporal,MCAR,20,PM2.5,82406,21.16510492012883,12.636294623798731,0.9315127068759976,5.436281600006623
spatiotemporal_lowrank,spatiotemporal,MCAR,20,PM2.5,82406,31.937363094060775,17.347320855838955,0.8440565055842955,2.745343799993861
saits,external_benchmark,MCAR,20,PM2.5,82406,38.69115843151005,24.70614190896594,0.7711280256902996,6.868654200006858
positive_matrix_factorization,external_benchmark,MCAR,20,PM2.5,82406,27.981481046907184,16.166273567417594,0.8802954810484434,6.768758699996397
temporal_linear,temporal,MCAR,30,PM2.5,123609,15.573826900131904,8.235202218736596,0.9631511115504892,0.3972571999911451
temporal_cubic_spline,temporal,MCAR,30,PM2.5,123609,16.630936562976864,8.90375293367489,0.957978928799148,0.6175849999999627
temporal_seasonal_naive,temporal,MCAR,30,PM2.5,123609,80.65386822431904,59.32213088076309,0.0117106668530067,0.4309121999976923
spatial_idw,spatial,MCAR,30,PM2.5,123609,26.34496511002361,14.73324993564314,0.8945542789856602,9.21093079999264
spatial_ordinary_kriging,spatial,MCAR,30,PM2.5,123609,26.040647134895185,14.42186581658253,0.8969762745019401,497.93419660000654
spatial_knn,spatial,MCAR,30,PM2.5,123609,27.381257756316234,15.326892524003693,0.8860956021915961,6.488537299999734
spatiotemporal_knn,spatiotemporal,MCAR,30,PM2.5,123609,24.18025143933959,14.174648223008946,0.9111708859927744,1.0539148999960162
spatiotemporal_mice,spatiotemporal,MCAR,30,PM2.5,123609,21.45530254703517,12.798234723719558,0.9300636453782296,4.70703429999412
spatiotemporal_lowrank,spatiotemporal,MCAR,30,PM2.5,123609,34.5146726477173,19.41466533038185,0.8190155665251646,2.6059485000005225
saits,external_benchmark,MCAR,30,PM2.5,123609,35.580354394746784,23.674207035668346,0.8076668057838872,6.602319800003897
positive_matrix_factorization,external_benchmark,MCAR,30,PM2.5,123609,29.794583982178416,17.49145926144624,0.8651321740233303,6.768458800012013
temporal_linear,temporal,MCAR,40,PM2.5,164811,16.929596346574428,8.998878075554792,0.9562603252485422,0.394209400008549
temporal_cubic_spline,temporal,MCAR,40,PM2.5,164811,18.534236079492484,9.864466077097369,0.9475758106309076,0.6157525000016904
temporal_seasonal_naive,temporal,MCAR,40,PM2.5,164811,80.47698816301613,59.16816955002532,0.0116158509624078,0.4111758000071859
spatial_idw,spatial,MCAR,40,PM2.5,164811,27.137761524957867,15.235856223772425,0.8876092974045882,10.695043999992777
spatial_ordinary_kriging,spatial,MCAR,40,PM2.5,164811,26.94198554971924,14.979553648562952,0.8892250556858018,524.5741650999989
spatial_knn,spatial,MCAR,40,PM2.5,164811,28.292136528150955,15.997249183548895,0.8778442729220056,7.645540400000755
spatiotemporal_knn,spatiotemporal,MCAR,40,PM2.5,164811,25.630855578732653,14.98490592802761,0.8997444209486926,1.1786207999975886
spatiotemporal_mice,spatiotemporal,MCAR,40,PM2.5,164811,22.47297550744637,13.502162271823078,0.9229267806972358,4.533697399994708
spatiotemporal_lowrank,spatiotemporal,MCAR,40,PM2.5,164811,38.07240714444173,21.368084402140408,0.7787908866950923,2.59120479998819
saits,external_benchmark,MCAR,40,PM2.5,164811,33.557266712448865,22.73807152636632,0.8281476394177544,6.563777000003029
positive_matrix_factorization,external_benchmark,MCAR,40,PM2.5,164811,32.46131500370894,19.473352036828462,0.8391894413085521,7.096520799997961
temporal_linear,temporal,MCAR,50,PM2.5,206015,18.639003362288623,9.937933634529792,0.9464136886404924,0.4082665000023553
temporal_cubic_spline,temporal,MCAR,50,PM2.5,206015,20.93919304735308,11.103042587446543,0.9323717154085236,0.59624420000182
temporal_seasonal_naive,temporal,MCAR,50,PM2.5,206015,80.1175028732516,59.19651619684904,0.0099359321304224,0.4457586999924388
spatial_idw,spatial,MCAR,50,PM2.5,206015,28.20880422830577,15.75542639426339,0.8772623387973942,12.803421899996463
spatial_ordinary_kriging,spatial,MCAR,50,PM2.5,206015,28.07190041012201,15.583540686270824,0.8784507960809886,542.3008214000001
spatial_knn,spatial,MCAR,50,PM2.5,206015,29.650350524467,16.814807940656483,0.8643973572000851,8.631238400004804
spatiotemporal_knn,spatiotemporal,MCAR,50,PM2.5,206015,26.697034174455965,15.78568038096717,0.890065368577633,1.2921853000007104
spatiotemporal_mice,spatiotemporal,MCAR,50,PM2.5,206015,21.08023883090837,12.762222737842214,0.931457562650422,4.223567400011234
spatiotemporal_lowrank,spatiotemporal,MCAR,50,PM2.5,206015,42.090220856702565,24.56182257916246,0.7267432498011663,2.610127599997213
saits,external_benchmark,MCAR,50,PM2.5,206015,33.727148395501935,22.05616010418783,0.8245441969129628,6.763149499995052
positive_matrix_factorization,external_benchmark,MCAR,50,PM2.5,206015,37.03255530113962,22.79340015946686,0.7884681099135469,6.891366199997719
temporal_linear,temporal,MAR,10,PM2.5,41233,16.854655885552166,8.874442266064365,0.9428118441963352,0.3875012999924365
temporal_cubic_spline,temporal,MAR,10,PM2.5,41233,17.98181083848542,9.616762835444696,0.9349071688883642,0.6231014000077266
temporal_seasonal_naive,temporal,MAR,10,PM2.5,41233,71.14813364535523,54.46306105875417,-0.0190449374389913,0.4350153999985195
spatial_idw,spatial,MAR,10,PM2.5,41233,26.283725824025485,14.598754417270182,0.8609278502610037,5.226451900001848
spatial_ordinary_kriging,spatial,MAR,10,PM2.5,41233,26.23510785957245,14.412414571065597,0.8614418680581242,242.9694197999925
spatial_knn,spatial,MAR,10,PM2.5,41233,26.787242552198816,14.93407809162527,0.8555484082886899,4.431623099997523
spatiotemporal_knn,spatiotemporal,MAR,10,PM2.5,41233,24.17365942076947,14.094819474413429,0.8823610580939273,0.8439025000116089
spatiotemporal_mice,spatiotemporal,MAR,10,PM2.5,41233,22.134073421377167,13.14394589777745,0.9013745486201178,5.382538600009866
spatiotemporal_lowrank,spatiotemporal,MAR,10,PM2.5,41233,32.03943817442112,19.22845021103813,0.7933496737360735,2.6747574000037275
saits,external_benchmark,MAR,10,PM2.5,41233,33.108620483958475,23.04252316669703,0.7793273640442548,6.532996900001308
positive_matrix_factorization,external_benchmark,MAR,10,PM2.5,41233,27.893778527107663,16.525491865342353,0.8433678143603822,6.644122700003209
temporal_linear,temporal,MAR,20,PM2.5,82546,17.812030640947327,9.269769790141789,0.9432034741101,0.4144870999880368
temporal_cubic_spline,temporal,MAR,20,PM2.5,82546,19.745601057023453,10.251073289995771,0.9302031824391732,0.6272170000011101
temporal_seasonal_naive,temporal,MAR,20,PM2.5,82546,74.83826823774234,56.61385499465683,-0.0026338512932133,0.4419889999990118
spatial_idw,spatial,MAR,20,PM2.5,82546,26.460772400233715,15.172159103897751,0.8746570420973411,7.121406500009471
spatial_ordinary_kriging,spatial,MAR,20,PM2.5,82546,26.31102406103965,14.931812227322265,0.876071723999993,367.233335900004
spatial_knn,spatial,MAR,20,PM2.5,82546,27.12056928299201,15.622763018808206,0.8683282803254075,5.710822299995925
spatiotemporal_knn,spatiotemporal,MAR,20,PM2.5,82546,25.135476412919925,14.72802476677926,0.8868982962846118,0.9810404000018024
spatiotemporal_mice,spatiotemporal,MAR,20,PM2.5,82546,22.39520309481285,13.388847099664064,0.9102147667559438,5.371092700006557
spatiotemporal_lowrank,spatiotemporal,MAR,20,PM2.5,82546,34.62074987984491,21.20880914702966,0.7854305710275915,2.5109691000106977
saits,external_benchmark,MAR,20,PM2.5,82546,32.85155857396167,21.589567195523998,0.8068001157796436,6.3849628000025405
positive_matrix_factorization,external_benchmark,MAR,20,PM2.5,82546,29.106079747414505,17.823956413264767,0.8483430440827835,6.522659800000838
temporal_linear,temporal,MAR,30,PM2.5,123526,18.91736617519559,10.029436056925114,0.9404206720614624,0.3809840000030817
temporal_cubic_spline,temporal,MAR,30,PM2.5,123526,21.85115749955286,11.350677519522602,0.9205080493966554,0.6080198999989079
temporal_seasonal_naive,temporal,MAR,30,PM2.5,123526,77.40632885238729,57.73740996552686,0.0024671634073817,0.4172197000007145
spatial_idw,spatial,MAR,30,PM2.5,123526,28.16657328931731,16.166542286006056,0.8679184100388908,8.813616499988711
spatial_ordinary_kriging,spatial,MAR,30,PM2.5,123526,28.15324918630543,15.973162822782625,0.868043341988727,438.830412700001
spatial_knn,spatial,MAR,30,PM2.5,123526,29.017673507992757,16.784875183451685,0.8598156800576533,6.85825279999699
spatiotemporal_knn,spatiotemporal,MAR,30,PM2.5,123526,26.303694419744097,15.470392609442609,0.8848118613937798,1.1312899000040488
spatiotemporal_mice,spatiotemporal,MAR,30,PM2.5,123526,21.748028538543338,12.846574777879594,0.9212566208874672,5.210110999993049
spatiotemporal_lowrank,spatiotemporal,MAR,30,PM2.5,123526,38.84157679670364,23.821000601027094,0.7488298856343483,2.7862549999990733
saits,external_benchmark,MAR,30,PM2.5,123526,33.25679725074127,22.59659595111542,0.8158655263055644,6.560416699998314
positive_matrix_factorization,external_benchmark,MAR,30,PM2.5,123526,31.59039587663677,19.71195693507497,0.8338561018374058,6.603720399987651
temporal_linear,temporal,MAR,40,PM2.5,163970,20.159628493649738,10.817864974228849,0.934739315615644,0.3950157000072067
temporal_cubic_spline,temporal,MAR,40,PM2.5,163970,24.02554856397595,12.527935583000229,0.9073099322182322,0.6412381999980425
temporal_seasonal_naive,temporal,MAR,40,PM2.5,163970,78.75688738506447,58.53326632991892,0.0039900840054278,0.4429257000010693
spatial_idw,spatial,MAR,40,PM2.5,163970,30.2775811745061,17.222974267511685,0.8527928417205907,10.64304730000731
spatial_ordinary_kriging,spatial,MAR,40,PM2.5,163970,30.293656755659477,17.081780044091406,0.8526364838646106,458.6398136999924
spatial_knn,spatial,MAR,40,PM2.5,163970,31.3096907918754,17.995325020911086,0.842585718281287,7.480836899994756
spatiotemporal_knn,spatiotemporal,MAR,40,PM2.5,163970,27.460508788484567,16.249076607989284,0.8789112673039086,1.203048600000329
spatiotemporal_mice,spatiotemporal,MAR,40,PM2.5,163970,24.59204488451057,14.704360604444956,0.902887337674282,4.532691700005671
spatiotemporal_lowrank,spatiotemporal,MAR,40,PM2.5,163970,43.05767236218668,26.548748465697937,0.7022939419124956,2.815918199994485
saits,external_benchmark,MAR,40,PM2.5,163970,41.64002984120255,27.85298390603088,0.721574736781622,6.87542840000242
positive_matrix_factorization,external_benchmark,MAR,40,PM2.5,163970,35.402365126761744,22.08173044092899,0.7987429379386946,6.579999099994893
temporal_linear,temporal,MAR,50,PM2.5,206074,22.87292465028317,12.267988053168422,0.9178615270037348,0.4355687999923248
temporal_cubic_spline,temporal,MAR,50,PM2.5,206074,29.79744086029461,14.643604053127666,0.8606005182427248,0.6195822000008775
temporal_seasonal_naive,temporal,MAR,50,PM2.5,206074,79.62950556583516,58.98573372599292,0.0044770772979998,0.4290720999997575
spatial_idw,spatial,MAR,50,PM2.5,206074,32.546395347594284,18.63089921257732,0.8336935790039509,12.267571899996256
spatial_ordinary_kriging,spatial,MAR,50,PM2.5,206074,32.556602144479825,18.490804448833472,0.833589252733145,457.836942799986
spatial_knn,spatial,MAR,50,PM2.5,206074,33.80153511921774,19.511847012146735,0.8206191509870341,8.365352399996482
spatiotemporal_knn,spatiotemporal,MAR,50,PM2.5,206074,29.34852022844864,17.430897631457793,0.864769191775549,1.2969768999901137
spatiotemporal_mice,spatiotemporal,MAR,50,PM2.5,206074,23.983483262681027,14.402025872672604,0.9096916841599804,4.55450149999524
spatiotemporal_lowrank,spatiotemporal,MAR,50,PM2.5,206074,47.29149281139099,29.803088518348165,0.6488689196647726,2.8190983999957098
saits,external_benchmark,MAR,50,PM2.5,206074,41.44683508327294,29.59803764453271,0.730296878895066,6.634750700002769
positive_matrix_factorization,external_benchmark,MAR,50,PM2.5,206074,41.58856008889856,26.61343258052406,0.7284492575709653,6.82381400000304
hybrid_linear_seasonal,external_benchmark,MCAR,10,PM2.5,41203,13.693887397641427,7.238302142729417,0.9712744961757829,3.664615900008357
hybrid_linear_seasonal,external_benchmark,MCAR,20,PM2.5,82406,14.190908787910049,7.641895339314649,0.9692114265103674,6.493851899998845
hybrid_linear_seasonal,external_benchmark,MCAR,30,PM2.5,123609,15.606388068608243,8.244982172432223,0.9629968659478225,8.345934500001022
hybrid_linear_seasonal,external_benchmark,MCAR,40,PM2.5,164811,16.956327966383686,9.008680003289522,0.9561220874035661,9.538740400006645
hybrid_linear_seasonal,external_benchmark,MCAR,50,PM2.5,206015,18.6670558191069,9.949910302339607,0.9462522681111247,9.817323299997952
hybrid_linear_seasonal,external_benchmark,MAR,10,PM2.5,41233,17.418353227329927,9.099975057841764,0.9389226060684172,3.233354700001655
hybrid_linear_seasonal,external_benchmark,MAR,20,PM2.5,82546,18.094514735014805,9.387203833446565,0.9413876970439626,5.491044399997918
hybrid_linear_seasonal,external_benchmark,MAR,30,PM2.5,123526,19.44514271574298,10.25218904966027,0.9370498848042708,7.144745600002352
hybrid_linear_seasonal,external_benchmark,MAR,40,PM2.5,163970,20.70540110821742,11.105389455632924,0.9311579378525303,8.088760299986461
hybrid_linear_seasonal,external_benchmark,MAR,50,PM2.5,206074,24.095297234734026,12.900444816271765,0.9088476641458192,9.187010599998757
