method,mechanism,model,severity,seed,rmse,mae,r2,train_time_sec
native,MCAR,xgboost,10,1,23.097771955470613,12.2902974269812,0.9208590928810934,9.002094900002703
native,MCAR,xgboost,10,2,22.997979357103034,12.273721711779276,0.921541463115255,10.763525299989851
native,MCAR,xgboost,10,3,23.078887070525575,12.302669775988898,0.9209884521928543,8.934246600008919
native,MCAR,xgboost,10,4,23.048390073995392,12.2799250669376,0.9211971297456683,9.409781399997883
native,MCAR,xgboost,10,5,23.21381742973376,12.361683146429055,0.9200618718645865,8.392053599993233
native,MCAR,xgboost,20,1,23.35832089723662,12.443518262771201,0.9190635621606044,9.493395400000736
native,MCAR,xgboost,20,2,23.356248184989443,12.436733487744126,0.9190779253936165,9.152829500002554
native,MCAR,xgboost,20,3,23.505006782998077,12.498161615094945,0.9180438389682848,9.988933700005873
native,MCAR,xgboost,20,4,23.326950685537227,12.441708449207107,0.9192808113599089,7.944294100001571
native,MCAR,xgboost,20,5,23.49795428809755,12.521507823435297,0.9180930122105272,7.958145199998398
native,MCAR,xgboost,30,1,23.466257359045915,12.601416958999632,0.9183138355989942,8.447996399991098
native,MCAR,xgboost,30,2,23.65462194565766,12.635130535760725,0.9169971760648724,8.400728400010848
native,MCAR,xgboost,30,3,23.535668146148552,12.626815535006372,0.9178298822891064,8.22092700000212
native,MCAR,xgboost,30,4,23.543896646550298,12.632762690976378,0.9177724158906762,7.818820000000414
native,MCAR,xgboost,30,5,23.489853385352355,12.67498938411523,0.9181494772253099,7.957792100001825
native,MCAR,xgboost,40,1,23.983177536641723,12.896413704083942,0.9146753942817626,8.274063799995929
native,MCAR,xgboost,40,2,23.789570180811772,12.87667143318948,0.9160474221102302,7.9705357999919215
native,MCAR,xgboost,40,3,23.995847358816622,12.924023151831102,0.9145852199812468,7.688006500000483
native,MCAR,xgboost,40,4,23.847001025207827,12.8926498835653,0.9156415898738417,7.999704400004703
native,MCAR,xgboost,40,5,24.017074961931613,12.970709537234418,0.9144340310681741,7.8236146999988705
native,MCAR,xgboost,50,1,23.971861932304588,13.1156378238226,0.9147558900133111,8.168805399996927
native,MCAR,xgboost,50,2,24.020803833105262,13.141873246259786,0.9144074592025873,8.092186599998968
native,MCAR,xgboost,50,3,24.09353518168256,13.133000139360549,0.9138883520539399,8.182811100006802
native,MCAR,xgboost,50,4,23.96392928094829,13.130514958044937,0.9148122978069367,7.969460099993739
native,MCAR,xgboost,50,5,24.137354432994677,13.173014358148901,0.9135748422900754,7.817313200008357
native,MCAR,lightgbm,10,1,22.93096605762336,12.39102232518714,0.9219980341126215,3.9989007000112906
native,MCAR,lightgbm,10,2,22.925603812954243,12.38367982369501,0.9220345102663496,3.9914030999934766
native,MCAR,lightgbm,10,3,22.92987126427874,12.38065220096737,0.9220054820321182,3.999534999995376
native,MCAR,lightgbm,10,4,22.97930965761355,12.366567276698037,0.9216687962799627,4.277095800003735
native,MCAR,lightgbm,10,5,22.83272717661902,12.379509235007747,0.9226649411774678,4.0288031000091
native,MCAR,lightgbm,20,1,23.21643907936043,12.53582403726185,0.9200438152396229,4.5032350000110455
native,MCAR,lightgbm,20,2,23.155922807620883,12.537934421350215,0.9204601016428439,4.402788799998234
native,MCAR,lightgbm,20,3,23.16976396695887,12.509956615474087,0.9203649852920215,4.10261950000131
native,MCAR,lightgbm,20,4,23.285450522789773,12.55045048095688,0.9195677652529892,4.240422400005627
native,MCAR,lightgbm,20,5,23.253330836102144,12.573617264222191,0.9197895068405663,4.194877400004771
native,MCAR,lightgbm,30,1,23.401506143190865,12.711447616570895,0.9187640122882426,4.15464890000294
native,MCAR,lightgbm,30,2,23.435392569725508,12.743761049540288,0.9185285752698323,4.2047366999904625
native,MCAR,lightgbm,30,3,23.480747110103316,12.702249614946636,0.9182129266562143,4.125617700003204
native,MCAR,lightgbm,30,4,23.437379865406324,12.755066915744843,0.9185147573084051,4.1874555999966105
native,MCAR,lightgbm,30,5,23.537353347114692,12.800790993182622,0.9178181147779083,4.245535399997607
native,MCAR,lightgbm,40,1,23.78281300278211,13.020427870890604,0.9160951070364574,4.443327000000863
native,MCAR,lightgbm,40,2,23.85295201733706,13.006245293062912,0.915599481528817,4.327439799992135
native,MCAR,lightgbm,40,3,23.7670290615987,13.011672836634672,0.9162064404123442,4.205682899992098
native,MCAR,lightgbm,40,4,23.924274944520704,13.01712597755479,0.9150939934201293,4.197257800013176
native,MCAR,lightgbm,40,5,23.98135767148216,13.026628469001672,0.914688342806669,4.167771899999934
native,MCAR,lightgbm,50,1,23.837463507230385,13.219730476400347,0.9157090540350534,4.464286099988385
native,MCAR,lightgbm,50,2,23.963999549964555,13.222291266321319,0.9148117982173463,4.275526400000672
native,MCAR,lightgbm,50,3,23.969265870376706,13.219991481782403,0.9147743522425877,4.495978399994783
native,MCAR,lightgbm,50,4,24.01504442977828,13.227559585961789,0.9144484988671695,4.41248739999719
native,MCAR,lightgbm,50,5,24.001730639101652,13.25991005432878,0.9145433310087584,4.6593390999914845
native,MAR,xgboost,10,1,22.956289840623143,12.288083092714723,0.9218256562402356,8.235404600010952
native,MAR,xgboost,10,2,22.831831790182452,12.253393403692133,0.9226710064542512,7.989058699997258
native,MAR,xgboost,10,3,23.13898507564444,12.325649777714078,0.9205764202855766,7.832279800000833
native,MAR,xgboost,10,4,22.94339550469225,12.26589330877137,0.9219134511899172,7.808357000001706
native,MAR,xgboost,10,5,23.28843042140695,12.373532246686153,0.9195471776984482,7.538424700003816
native,MAR,xgboost,20,1,23.273585006815026,12.438061122924493,0.919649715723068,8.358528600001591
native,MAR,xgboost,20,2,23.148793247763955,12.413263180531956,0.9205090737499139,8.046737600001507
native,MAR,xgboost,20,3,23.249956288747356,12.461868064443458,0.9198127856103194,8.090209899994079
native,MAR,xgboost,20,4,23.148892390483077,12.453131404493838,0.9205083928536472,7.552387000003364
native,MAR,xgboost,20,5,23.421471094326154,12.51993241002051,0.918625340498152,7.679090300007374
native,MAR,xgboost,30,1,23.395422233773115,12.647811525317808,0.9188062461634946,8.12076160000288
native,MAR,xgboost,30,2,23.3813700229627,12.648372069682246,0.9189037531957469,8.330980099999579
native,MAR,xgboost,30,3,23.472868033979942,12.714709888090116,0.9182678055284172,7.658526100000017
native,MAR,xgboost,30,4,23.493284544582522,12.679442135526758,0.9181255636926547,7.974444399995264
native,MAR,xgboost,30,5,23.681568150776755,12.76685954485979,0.9168079627226216,7.766723699998693
native,MAR,xgboost,40,1,23.931243642061396,12.945353196657775,0.9150445231265515,7.779350800003158
native,MAR,xgboost,40,2,23.940818270998616,12.930625084499379,0.9149765300126896,8.02163620000647
native,MAR,xgboost,40,3,23.793888296977325,12.929962331067818,0.916016942376318,7.704366399993887
native,MAR,xgboost,40,4,23.81022815245313,12.916075866029617,0.9159015562575641,7.804128999996465
native,MAR,xgboost,40,5,24.09545448462763,13.02358911726224,0.9138746321144475,7.613741299996036
native,MAR,xgboost,50,1,24.11858282279977,13.183855559943119,0.9137092156349048,8.362150400003884
native,MAR,xgboost,50,2,24.311566574859427,13.212362878354593,0.9123227873817258,8.196276799993939
native,MAR,xgboost,50,3,24.11388469735105,13.209775877173364,0.9137428300017206,7.84111930000654
native,MAR,xgboost,50,4,24.052106546189485,13.185927604727858,0.9141842339919282,8.053132000000915
native,MAR,xgboost,50,5,24.444148889971647,13.299327747752411,0.9113638903427929,8.893067099998007
native,MAR,lightgbm,10,1,22.87290081019447,12.384652906227327,0.9223925634200342,4.749906199998804
native,MAR,lightgbm,10,2,22.818336072593763,12.349469412933075,0.9227623965654748,4.183910600011586
native,MAR,lightgbm,10,3,22.870152702128465,12.391735952689567,0.9224112108851839,3.798587800003588
native,MAR,lightgbm,10,4,22.916303814883666,12.385189553871516,0.9220977523813485,4.0138794999948
native,MAR,lightgbm,10,5,22.880879011020465,12.379613423977887,0.9223384141274356,4.149834600000759
native,MAR,lightgbm,20,1,23.11099076852964,12.573565562414704,0.9207684825648177,4.399961000002804
native,MAR,lightgbm,20,2,23.094494676503192,12.540500277515688,0.9208815494565971,4.434652800002368
native,MAR,lightgbm,20,3,22.99116858385911,12.556638014458898,0.9215879266910796,4.22509710000304
native,MAR,lightgbm,20,4,23.15517381027295,12.597391858016785,0.9204652471263485,4.761321099998895
native,MAR,lightgbm,20,5,23.11877399631659,12.570025877395636,0.920715107026288,4.033300299997791
native,MAR,lightgbm,30,1,23.24618299521734,12.76997054342384,0.919838811065256,4.275299000000814
native,MAR,lightgbm,30,2,23.408600082905814,12.814560966687209,0.9187147530189188,4.559926100002485
native,MAR,lightgbm,30,3,23.405103891695887,12.79062392552069,0.9187390319200476,4.1099354999896605
native,MAR,lightgbm,30,4,23.411047994802598,12.820640861233109,0.9186977516154728,4.125323099986417
native,MAR,lightgbm,30,5,23.319071673496893,12.816470046338098,0.9193353302776031,4.0893327000085264
native,MAR,lightgbm,40,1,23.640071032707265,13.032538020829445,0.9170992614328323,4.905801700006123
native,MAR,lightgbm,40,2,23.91010567982112,13.053002331008056,0.9151945356039073,4.245545199999469
native,MAR,lightgbm,40,3,23.83984873689149,13.070856251645552,0.9156921845117221,4.338848600003985
native,MAR,lightgbm,40,4,23.68376844803051,13.029285684658747,0.9167925029596858,4.305493399995612
native,MAR,lightgbm,40,5,23.831595637853614,13.056023543114968,0.9157505473242722,4.170722299997578
native,MAR,lightgbm,50,1,24.032238648675055,13.310393080302765,0.9143259492013001,4.665397300006589
native,MAR,lightgbm,50,2,24.137001807419736,13.319643596141411,0.9135773674631137,4.765050000001793
native,MAR,lightgbm,50,3,24.15503587461596,13.354334099468288,0.9134481771175839,4.793238700003712
native,MAR,lightgbm,50,4,24.083230160101994,13.341284365044677,0.9139619977529226,4.471292500005802
native,MAR,lightgbm,50,5,24.12853966614,13.342696867096983,0.9136379543028592,4.298051000005216
temporal,MCAR,xgboost,10,1,22.68770161593588,12.005658082219917,0.9236442321317252,7.757895100003225
temporal,MCAR,xgboost,10,2,22.7048940276347,12.006167060293508,0.9235284656952122,7.395677399996202
temporal,MCAR,xgboost,10,3,22.651327610471448,12.021011779821992,0.9238888702852535,7.484332000007271
temporal,MCAR,xgboost,10,4,22.694971065031197,12.01350794835615,0.9235952934333812,7.271248500008369
temporal,MCAR,xgboost,10,5,22.65596129376219,12.058392041707183,0.9238577276565613,7.324749199993676
temporal,MCAR,xgboost,20,1,22.52857178982164,11.864461825490821,0.9247115829805496,7.537437799997861
temporal,MCAR,xgboost,20,2,22.535406355572924,11.871803454256685,0.9246658950697801,7.410108900003252
temporal,MCAR,xgboost,20,3,22.766142818665354,11.926805970326306,0.9231153295210938,7.265566199988825
temporal,MCAR,xgboost,20,4,22.581889286635228,11.891545309965188,0.9243547969325197,7.548934500009636
temporal,MCAR,xgboost,20,5,22.79347681072298,11.959066455434042,0.9229305967270689,7.281155700009549
temporal,MCAR,xgboost,30,1,22.30384700830268,11.721484100212843,0.9262061107288356,7.703903200002969
temporal,MCAR,xgboost,30,2,22.037631449484998,11.679579031654164,0.9279571845240798,7.814568999994663
temporal,MCAR,xgboost,30,3,22.103540222022115,11.704415161347283,0.9275256178251646,7.699126500010607
temporal,MCAR,xgboost,30,4,22.336894379695984,11.740627184600601,0.9259872694896683,7.9686700999882305
temporal,MCAR,xgboost,30,5,22.331438285705946,11.759643495801596,0.926023422330606,7.303501499991398
temporal,MCAR,xgboost,40,1,22.094119618518473,11.531939046062108,0.9275873823132141,7.689515999998548
temporal,MCAR,xgboost,40,2,21.946471402959432,11.518930685387804,0.9285519710500039,7.711865300007048
temporal,MCAR,xgboost,40,3,22.180092790610903,11.566648195890822,0.9270227384133588,7.456665500008967
temporal,MCAR,xgboost,40,4,22.08297588135803,11.537947853187848,0.9276604102220201,7.838836099996115
temporal,MCAR,xgboost,40,5,22.209041852378355,11.575709545271845,0.9268321168544361,7.411001000000397
temporal,MCAR,xgboost,50,1,21.597414047965074,11.306500269500498,0.9308066505579758,7.998386699997354
temporal,MCAR,xgboost,50,2,21.616109453717108,11.307971324242292,0.9306868067998408,7.9099285999982385
temporal,MCAR,xgboost,50,3,21.61997423438988,11.319018866578466,0.9306620193386739,7.542988300003344
temporal,MCAR,xgboost,50,4,21.585081314601084,11.317891424914054,0.9308856507091812,7.477277900004992
temporal,MCAR,xgboost,50,5,21.696268048849447,11.349394044605663,0.9301717881379212,7.3866999999881955
temporal,MCAR,lightgbm,10,1,22.614921330021513,12.087187277639133,0.924133332455621,4.062699400004931
temporal,MCAR,lightgbm,10,2,22.482813044561656,12.053148858374598,0.9250171154198923,4.116576899992651
temporal,MCAR,lightgbm,10,3,22.542867454743902,12.08140787267876,0.9246160030673142,4.411738199996762
temporal,MCAR,lightgbm,10,4,22.54972345814431,12.082498297543248,0.9245701427495868,4.502460999996401
temporal,MCAR,lightgbm,10,5,22.497103258832205,12.06430569029202,0.9249217659617998,4.002319499995792
temporal,MCAR,lightgbm,20,1,22.331067985990547,11.979626107511082,0.9260258756682,4.283085100003518
temporal,MCAR,lightgbm,20,2,22.29405429956002,11.932582049696645,0.9262708962721579,4.196266499988269
temporal,MCAR,lightgbm,20,3,22.44798254306432,11.968242418452114,0.925249263278334,4.216569899988826
temporal,MCAR,lightgbm,20,4,22.40202849566161,11.975760487328376,0.9255549996924438,4.260860700000194
temporal,MCAR,lightgbm,20,5,22.385044994955532,11.951507126109764,0.9256678338899312,4.012487899992266
temporal,MCAR,lightgbm,30,1,22.214379539008508,11.825942966486789,0.9267969425172471,4.267002300010063
temporal,MCAR,lightgbm,30,2,22.081906267931622,11.804288489186186,0.9276674177488156,4.16967730000033
temporal,MCAR,lightgbm,30,3,22.206771178452186,11.802980815300593,0.9268470775999215,4.1229059000033885
temporal,MCAR,lightgbm,30,4,22.2118321889483,11.823379854069932,0.926813730122858,3.9607503000006545
temporal,MCAR,lightgbm,30,5,22.036074615386408,11.793359619105834,0.9279673629999527,4.148247100005392
temporal,MCAR,lightgbm,40,1,21.899712072307157,11.640408132071913,0.9288561022166912,4.355063800001517
temporal,MCAR,lightgbm,40,2,21.916234636700217,11.634833808779025,0.9287487105708572,4.052236300005461
temporal,MCAR,lightgbm,40,3,21.900743939247192,11.642581587255929,0.9288493977663907,4.144350999995368
temporal,MCAR,lightgbm,40,4,21.85045066215828,11.623800631941299,0.9291758056924704,4.480993999997736
temporal,MCAR,lightgbm,40,5,21.833033555803453,11.613462441694365,0.9292886693499107,4.758171800000127
temporal,MCAR,lightgbm,50,1,21.572397783604433,11.41309373817829,0.9309668509072989,3.9861278000025777
temporal,MCAR,lightgbm,50,2,21.56439244418253,11.412499383391546,0.9310180766687062,4.102071400004206
temporal,MCAR,lightgbm,50,3,21.635209468331862,11.410827471712306,0.9305642622783037,4.048060599991004
temporal,MCAR,lightgbm,50,4,21.503120999333902,11.419073942834133,0.931409519879414,4.024853499999153
temporal,MCAR,lightgbm,50,5,21.56483578140993,11.42620455067269,0.931015240273563,3.9977202999871224
temporal,MAR,xgboost,10,1,22.647386312650138,12.017601625671057,0.9239153544310954,8.257224900007714
temporal,MAR,xgboost,10,2,22.709119844948678,12.037339312803665,0.9234999974005835,7.579835099997581
temporal,MAR,xgboost,10,3,22.697095465219107,12.055933462928659,0.9235809887868263,7.5111448999959975
temporal,MAR,xgboost,10,4,22.779056054663542,12.039783556533092,0.9230280849250191,7.5577754999976605
temporal,MAR,xgboost,10,5,22.873527296442905,12.094797295956772,0.922388312043434,7.325814499999979
temporal,MAR,xgboost,20,1,22.558145706076807,11.93786862809104,0.9245137866173594,7.795633699992322
temporal,MAR,xgboost,20,2,22.502192407814587,11.918217215336234,0.9248877946962303,7.468647400004556
temporal,MAR,xgboost,20,3,22.67238850016014,11.949038068381347,0.9237472703452129,7.542465699996683
temporal,MAR,xgboost,20,4,22.596342674632194,11.94120403123489,0.9242579335261599,7.488726800002041
temporal,MAR,xgboost,20,5,22.861161005461142,11.99837283217059,0.9224722089659199,7.4068265999958385
temporal,MAR,xgboost,30,1,22.46951282362042,11.848284025231939,0.9251058048508137,7.813735400006408
temporal,MAR,xgboost,30,2,22.34488974483411,11.827318916184348,0.9259342751294318,7.458134400003473
temporal,MAR,xgboost,30,3,22.42589673499084,11.84437767399515,0.9253962803453881,7.517217599990545
temporal,MAR,xgboost,30,4,22.677204683514926,11.869106023180933,0.9237148709239024,7.740724899995257
temporal,MAR,xgboost,30,5,22.64045363546986,11.90052933129,0.9239619284194455,7.4247023000061745
temporal,MAR,xgboost,40,1,22.56742259692765,11.788529422176016,0.92445168742147,7.2224382999993395
temporal,MAR,xgboost,40,2,22.442386546184665,11.778069666828367,0.9252865274511474,7.523617700004252
temporal,MAR,xgboost,40,3,22.50987730519506,11.785277514623303,0.9248364816378062,7.273010900011286
temporal,MAR,xgboost,40,4,22.477475972896904,11.787877407657184,0.9250527107458422,7.388533500008634
temporal,MAR,xgboost,40,5,22.554600936703338,11.842083329341639,0.9245375084424644,7.175626899988856
temporal,MAR,xgboost,50,1,22.112092047886563,11.721604226840668,0.9274695265214786,7.920848099995055
temporal,MAR,xgboost,50,2,22.293754572131558,11.734328550761825,0.9262728787277325,7.801040599995758
temporal,MAR,xgboost,50,3,22.26283610023074,11.743620101669284,0.9264772363398727,7.825242099992465
temporal,MAR,xgboost,50,4,22.52494661590471,11.776225064207129,0.9247358110273769,7.654504200007068
temporal,MAR,xgboost,50,5,22.379987769715335,11.784624732322738,0.9257014163145748,7.453720200006501
temporal,MAR,lightgbm,10,1,22.63833459008611,12.098957357263373,0.9239761614014104,4.4162355000007665
temporal,MAR,lightgbm,10,2,22.573229909682816,12.084765134195631,0.9244128004703978,4.245156000004499
temporal,MAR,lightgbm,10,3,22.761015888594045,12.129522507230076,0.9231499544417363,4.00862939999206
temporal,MAR,lightgbm,10,4,22.65206060866971,12.127584808397126,0.9238839442849253,4.085941400000593
temporal,MAR,lightgbm,10,5,22.685241314138718,12.120554954274294,0.9236607915920196,3.9387329000019236
temporal,MAR,lightgbm,20,1,22.636028725870933,12.045665830613512,0.9239916476749666,4.864380399987567
temporal,MAR,lightgbm,20,2,22.531074632248554,12.002958941003369,0.9246948535124453,4.150811900006374
temporal,MAR,lightgbm,20,3,22.620886335545034,12.001897881449256,0.9240933053631598,4.197919500002172
temporal,MAR,lightgbm,20,4,22.626673222010155,12.031691405349845,0.924054463418279,4.209547100006603
temporal,MAR,lightgbm,20,5,22.528787468996033,12.00370257198012,0.9247101414136802,4.035318499998539
temporal,MAR,lightgbm,30,1,22.321143739225164,11.91827650167137,0.9260916113807933,4.307403599988902
temporal,MAR,lightgbm,30,2,22.32707271241762,11.908465366269933,0.926052342868597,4.1464324999979
temporal,MAR,lightgbm,30,3,22.284768238165363,11.901526321969367,0.9263323037117006,4.106849799994961
temporal,MAR,lightgbm,30,4,22.321644708035713,11.94727276832675,0.9260882937897714,4.0178358999983175
temporal,MAR,lightgbm,30,5,22.3243692168201,11.922916163626917,0.926070249834234,4.091064500011271
temporal,MAR,lightgbm,40,1,22.316076922385875,11.85862735384445,0.9261251614326705,4.275332099990919
temporal,MAR,lightgbm,40,2,22.36460741612027,11.87760965103759,0.9258035026815931,4.1476035000086995
temporal,MAR,lightgbm,40,3,22.377689014593283,11.867849548574176,0.9257166786534126,3.99045450000267
temporal,MAR,lightgbm,40,4,22.38783873442834,11.895265294826546,0.9256492788532732,4.116232700005639
temporal,MAR,lightgbm,40,5,22.305577106157067,11.844883603674587,0.9261946619773157,4.039496900004451
temporal,MAR,lightgbm,50,1,22.153122606162757,11.83051370540828,0.9272001058922187,4.144953199996962
temporal,MAR,lightgbm,50,2,22.171519262766584,11.84584503242902,0.9270791449997414,3.9835882000043057
temporal,MAR,lightgbm,50,3,22.137208137863766,11.82209242782755,0.9273046650080938,4.023986599990167
temporal,MAR,lightgbm,50,4,22.188056445998885,11.839787857361097,0.9269703247376989,4.023297199993976
temporal,MAR,lightgbm,50,5,22.05967348719358,11.80796273684283,0.9278129980126597,4.16140529999393
spatial,MCAR,xgboost,10,1,22.778354923600833,12.136065073185076,0.9230328231872138,7.96664790000068
spatial,MCAR,xgboost,10,2,22.871149269206573,12.151845799186134,0.922404448873707,7.762276099994779
spatial,MCAR,xgboost,10,3,22.777470439140643,12.159491242921403,0.9230388003484584,7.373345600004541
spatial,MCAR,xgboost,10,4,22.911745706878115,12.15196827752438,0.9221287391886079,7.487858299995423
spatial,MCAR,xgboost,10,5,22.941610095852003,12.19972563059292,0.9219256037930459,7.388120699994033
spatial,MCAR,xgboost,20,1,22.955667860992914,12.17858380120525,0.9218298923072191,7.669066600006772
spatial,MCAR,xgboost,20,2,22.874707718587203,12.154916007730893,0.9223803013052662,7.514391200005775
spatial,MCAR,xgboost,20,3,23.0396812194439,12.202027096855982,0.9212566699631684,7.758549899997888
spatial,MCAR,xgboost,20,4,22.893395279584862,12.181137148182968,0.9222534262101765,8.389234299989766
spatial,MCAR,xgboost,20,5,23.20688961337253,12.26168904838725,0.9201095774207704,7.595488799997838
spatial,MCAR,xgboost,30,1,22.810380355721534,12.234581706382157,0.9228162456614075,8.035250999993877
spatial,MCAR,xgboost,30,2,22.828295757273906,12.226548417145322,0.9226949569365788,7.717195499993977
spatial,MCAR,xgboost,30,3,22.973183429589533,12.258322773253324,0.9217105565291438,7.545504800000344
spatial,MCAR,xgboost,30,4,22.791125233952368,12.224015859040524,0.9229464982300368,7.5084777000010945
spatial,MCAR,xgboost,30,5,23.044270778709226,12.313538751227046,0.9212252951214681,7.597790800005896
spatial,MCAR,xgboost,40,1,23.01985848394068,12.341159854998459,0.9213921090525314,7.9126434000063455
spatial,MCAR,xgboost,40,2,22.92794948078987,12.310490835828084,0.9220185551361006,7.73665279999841
spatial,MCAR,xgboost,40,3,23.05304529306694,12.333082448727726,0.9211652939714378,7.55478230000881
spatial,MCAR,xgboost,40,4,23.000432024734344,12.33300651149058,0.921524727473221,7.727140499991947
spatial,MCAR,xgboost,40,5,23.23460193983917,12.402819436265359,0.9199186624473088,7.5590269999956945
spatial,MCAR,xgboost,50,1,23.08312798319216,12.422233175693417,0.9209594116364648,7.900133200004348
spatial,MCAR,xgboost,50,2,23.10151008488974,12.427021377570107,0.9208334745753168,7.828809900005581
spatial,MCAR,xgboost,50,3,23.169435333248643,12.439362215395958,0.9203672443193284,7.599093199998606
spatial,MCAR,xgboost,50,4,23.06311655702409,12.420661299349417,0.9210963973415605,7.484481799998321
spatial,MCAR,xgboost,50,5,23.338449353022796,12.486690067082078,0.9192012131402895,7.304163699998753
spatial,MCAR,lightgbm,10,1,22.688674962782283,12.208830560605028,0.9236376803671289,3.8973774000041885
spatial,MCAR,lightgbm,10,2,22.710453804579572,12.199632941353409,0.9234910097416048,4.036908099995344
spatial,MCAR,lightgbm,10,3,22.811330919478895,12.211762215422322,0.9228098126596689,3.9109121000074083
spatial,MCAR,lightgbm,10,4,22.70844568400032,12.207639047759416,0.9235045394127029,3.842688399992767
spatial,MCAR,lightgbm,10,5,22.63990837069542,12.190958887693101,0.9239655909240359,4.679284599988023
spatial,MCAR,lightgbm,20,1,22.824081661003547,12.244830277532447,0.9227234952758849,4.6023400999984005
spatial,MCAR,lightgbm,20,2,22.813232195069943,12.218675041324714,0.9227969448497515,4.7617551000003004
spatial,MCAR,lightgbm,20,3,22.798080809609417,12.265385996056828,0.9228994594604587,4.687851800001226
spatial,MCAR,lightgbm,20,4,22.83455908702,12.256251263803687,0.9226525312204114,4.499014400003944
spatial,MCAR,lightgbm,20,5,22.795518947729065,12.251320781215284,0.9229167863433239,4.151459399989108
spatial,MCAR,lightgbm,30,1,22.782790177240813,12.303243276361542,0.923002847169469,4.068591000002925
spatial,MCAR,lightgbm,30,2,22.74621876857713,12.300564611593886,0.923249843630757,3.974688000002061
spatial,MCAR,lightgbm,30,3,22.710810569920934,12.298489277001224,0.923488605917299,3.908899300004123
spatial,MCAR,lightgbm,30,4,22.795805747948354,12.308124222227233,0.9229148466970537,3.9547168999997666
spatial,MCAR,lightgbm,30,5,22.718255967770578,12.335723717338539,0.9234384314733627,4.576772700005677
spatial,MCAR,lightgbm,40,1,22.900642097946037,12.375848258720398,0.922204197647521,4.139243099998566
spatial,MCAR,lightgbm,40,2,22.88754089795638,12.392506062513347,0.9222931843946115,4.021079400001327
spatial,MCAR,lightgbm,40,3,22.868247924598325,12.38766256222203,0.9224241345616965,3.8144525999960024
spatial,MCAR,lightgbm,40,4,22.976992504250372,12.401327048076487,0.9216845927737356,4.08744819999265
spatial,MCAR,lightgbm,40,5,22.91784087509771,12.414009627017544,0.922087301790186,3.8685767999995733
spatial,MCAR,lightgbm,50,1,23.004455616084293,12.477823301887277,0.9214972688545713,4.4199939999962226
spatial,MCAR,lightgbm,50,2,22.982832290606314,12.45250180901453,0.9216447787410269,3.856498399996781
spatial,MCAR,lightgbm,50,3,22.91132886703204,12.463127819452403,0.9221315726304163,3.898881100001745
spatial,MCAR,lightgbm,50,4,23.06270207682153,12.479207210847818,0.9210992333578691,3.885203300000285
spatial,MCAR,lightgbm,50,5,22.915725613978253,12.468860452445664,0.9221016834325537,3.8581615000002785
spatial,MAR,xgboost,10,1,22.92113754610815,12.18211815797349,0.9220648851054108,7.840781200007768
spatial,MAR,xgboost,10,2,22.79486980115149,12.160502500977401,0.922921176468592,7.925604800009751
spatial,MAR,xgboost,10,3,22.823795561048183,12.190000549891993,0.9227254325863374,7.428503999995883
spatial,MAR,xgboost,10,4,22.86940948216672,12.180170193224347,0.9224162536674196,7.448206300003221
spatial,MAR,xgboost,10,5,23.026119704603207,12.25636960556789,0.9213493417795604,7.217778599995654
spatial,MAR,xgboost,20,1,23.062695665892363,12.306081583228519,0.9210992772232545,7.329828699992504
spatial,MAR,xgboost,20,2,22.884583906556816,12.256860018378799,0.9223132620030509,7.37144360000093
spatial,MAR,xgboost,20,3,22.94117888858378,12.27511014877972,0.9219285387161461,7.550057200001902
spatial,MAR,xgboost,20,4,22.970669402731474,12.253489170686567,0.9217276905057894,7.677534699992975
spatial,MAR,xgboost,20,5,23.104328200511063,12.347474995431243,0.9208141586060149,7.113467999995919
spatial,MAR,xgboost,30,1,23.14101633621124,12.359678621380674,0.9205624752429385,8.170382299998892
spatial,MAR,xgboost,30,2,22.97775385202633,12.331462590392967,0.9216794026907469,7.605927900003735
spatial,MAR,xgboost,30,3,23.00761849864368,12.346333695953637,0.9214756806898798,7.535050100006629
spatial,MAR,xgboost,30,4,23.040233841220847,12.346773613303151,0.9212528924976362,7.553205099990009
spatial,MAR,xgboost,30,5,23.15199425636758,12.418739435991748,0.9204870882642059,7.278583899998921
spatial,MAR,xgboost,40,1,23.06634558340322,12.462269334725347,0.921074301485648,7.3941013000003295
spatial,MAR,xgboost,40,2,22.954434950375415,12.408836529433495,0.9218382888538335,7.5883743000013055
spatial,MAR,xgboost,40,3,23.27112627540764,12.49294302597417,0.9196666919931108,7.718385700005456
spatial,MAR,xgboost,40,4,23.11019275166439,12.454412002468588,0.9207739541602313,7.460936800009222
spatial,MAR,xgboost,40,5,23.286820416595695,12.527625576704917,0.9195583012435945,7.397582200006582
spatial,MAR,xgboost,50,1,23.387895822117898,12.588049153101315,0.918858478545769,7.7821066999895265
spatial,MAR,xgboost,50,2,23.399142394178646,12.584393225539388,0.918780422495914,7.671813099994324
spatial,MAR,xgboost,50,3,23.491953758479227,12.60192582009766,0.9181348390475657,7.544860100009828
spatial,MAR,xgboost,50,4,23.489171716716392,12.597422894170514,0.918154227712571,7.936573700004374
spatial,MAR,xgboost,50,5,23.57012598279235,12.662184539804654,0.9175891007518302,7.502707500010729
spatial,MAR,lightgbm,10,1,22.8961042313618,12.28238792085378,0.9222350257783156,3.9356064000021433
spatial,MAR,lightgbm,10,2,22.76159630348627,12.240721876673778,0.9231460349787519,4.072348300003796
spatial,MAR,lightgbm,10,3,22.85200289231339,12.270411364262392,0.9225343113297161,3.9553316999954404
spatial,MAR,lightgbm,10,4,22.779651433789343,12.258991614704287,0.9230240612226939,4.205311700003222
spatial,MAR,lightgbm,10,5,22.819392873840208,12.27353985293095,0.9227552420836147,5.140251599994372
spatial,MAR,lightgbm,20,1,22.8825227405594,12.334685756474862,0.9223272555327031,4.44624799999292
spatial,MAR,lightgbm,20,2,22.756367352389784,12.311459727201717,0.9231813417700363,4.6619534000055864
spatial,MAR,lightgbm,20,3,22.80336400903469,12.295496724534601,0.9228637209495885,5.203110899994499
spatial,MAR,lightgbm,20,4,22.89358534344064,12.35408098108709,0.92225213528109,4.455373999997391
spatial,MAR,lightgbm,20,5,22.712017595458782,12.32429115280438,0.9234804729041304,4.1312323000020115
spatial,MAR,lightgbm,30,1,22.900224266731794,12.416838148498934,0.9222070364515933,3.9505016999901272
spatial,MAR,lightgbm,30,2,22.862445686179104,12.390378005352364,0.9224634953877524,3.974517000009655
spatial,MAR,lightgbm,30,3,22.880145112289227,12.389597286730815,0.9223433960011868,4.10602690000087
spatial,MAR,lightgbm,30,4,22.947088701615858,12.422478532353404,0.9218883099929429,3.9502929000009317
spatial,MAR,lightgbm,30,5,23.021406454892666,12.439074573173686,0.9213815367179405,4.411171200001263
spatial,MAR,lightgbm,40,1,22.967315530731565,12.51005932550245,0.9217505454028828,5.272307699997327
spatial,MAR,lightgbm,40,2,22.944743877529234,12.503131935142589,0.9219042726988569,4.248572500000591
spatial,MAR,lightgbm,40,3,22.942053160224603,12.525023581482637,0.9219225881095556,4.4048741000005975
spatial,MAR,lightgbm,40,4,22.933085020996316,12.529581915306194,0.9219836177164766,3.826252900005784
spatial,MAR,lightgbm,40,5,22.90277135601192,12.503467721720051,0.922189730364051,4.029100100000505
spatial,MAR,lightgbm,50,1,23.227029053638784,12.661246651539498,0.9199708559841377,3.9697596000041813
spatial,MAR,lightgbm,50,2,23.2498773706865,12.674494013102994,0.9198133299733837,3.9651220999949146
spatial,MAR,lightgbm,50,3,23.17493948494671,12.641434717335503,0.9203294045684803,3.969256399999722
spatial,MAR,lightgbm,50,4,23.241162915328058,12.69304157619952,0.9198734294042027,3.9004325999994762
spatial,MAR,lightgbm,50,5,23.22045801130972,12.667785146983634,0.9200161308667203,4.0055554999999
spatiotemporal,MCAR,xgboost,10,1,23.067627387849562,12.213700097480226,0.9210655293876256,8.157901999991736
spatiotemporal,MCAR,xgboost,10,2,23.03364761563931,12.194112597824873,0.9212979069786524,7.771549500001129
spatiotemporal,MCAR,xgboost,10,3,23.02921994835018,12.215666142536662,0.9213281612567834,7.827485100002377
spatiotemporal,MCAR,xgboost,10,4,23.207491263659104,12.240335605107182,0.9201054349682911,7.813616499988711
spatiotemporal,MCAR,xgboost,10,5,23.145245913348635,12.28826583961395,0.9205334343539348,7.751936500004376
spatiotemporal,MCAR,xgboost,20,1,23.173940227272745,12.33667221280136,0.9203362748981813,7.579215800011298
spatiotemporal,MCAR,xgboost,20,2,23.022083434520805,12.290994731525918,0.9213769128579088,7.80296190000081
spatiotemporal,MCAR,xgboost,20,3,23.06805107977312,12.32654147875381,0.9210626297218503,7.846491400006926
spatiotemporal,MCAR,xgboost,20,4,23.01748837823458,12.326708962931123,0.9214082950269064,7.504949599999236
spatiotemporal,MCAR,xgboost,20,5,23.058017848370948,12.36166620711191,0.9211312809194524,7.541912200002116
spatiotemporal,MCAR,xgboost,30,1,23.05298596408201,12.396272095082153,0.9211656997466409,8.195426000005682
spatiotemporal,MCAR,xgboost,30,2,23.110438540576077,12.389189393323074,0.9207722689309176,7.961683700006688
spatiotemporal,MCAR,xgboost,30,3,22.90533450649275,12.368916675753582,0.9221723132063626,8.587969400003203
spatiotemporal,MCAR,xgboost,30,4,23.089112033168185,12.390557961483454,0.9209184254980979,7.473986699988018
spatiotemporal,MCAR,xgboost,30,5,23.196605716044854,12.449127336493811,0.9201803669904588,7.722427799992147
spatiotemporal,MCAR,xgboost,40,1,23.28603126841496,12.573608359235326,0.9195637531982603,7.810593599991989
spatiotemporal,MCAR,xgboost,40,2,23.286507998712025,12.590035403429903,0.9195604596539101,7.908875699999044
spatiotemporal,MCAR,xgboost,40,3,23.378225430357446,12.623509932517216,0.9189255652203739,7.541044899990084
spatiotemporal,MCAR,xgboost,40,4,23.25862681569018,12.589850971271806,0.9197529665693133,7.656903099996271
spatiotemporal,MCAR,xgboost,40,5,23.41411543123766,12.660896862441092,0.9186764449386293,7.719105200012564
spatiotemporal,MCAR,xgboost,50,1,23.422598906891604,12.736952285397436,0.9186175034521566,7.829004700004589
spatiotemporal,MCAR,xgboost,50,2,23.457869661873318,12.730060583892818,0.9183722203980116,7.746612800008734
spatiotemporal,MCAR,xgboost,50,3,23.599680824401286,12.77709207717937,0.9173822993020164,7.843053099990357
spatiotemporal,MCAR,xgboost,50,4,23.57413772845921,12.755846042814138,0.9175610449235313,7.9801427999918815
spatiotemporal,MCAR,xgboost,50,5,23.613625778106673,12.816096093414464,0.9172846335407192,7.591806700002053
spatiotemporal,MCAR,lightgbm,10,1,23.070121072531936,12.28822832890396,0.921048462325083,4.200923500000499
spatiotemporal,MCAR,lightgbm,10,2,22.868342213708466,12.25612282836466,0.9224234948472396,4.226664400004665
spatiotemporal,MCAR,lightgbm,10,3,22.989974243908556,12.302142803111582,0.9215960731442662,3.9545197999977972
spatiotemporal,MCAR,lightgbm,10,4,22.995181828785572,12.294416348938935,0.9215605497163546,3.9140695999958552
spatiotemporal,MCAR,lightgbm,10,5,22.815085243388204,12.249988957399562,0.9227844024094267,3.941824900000938
spatiotemporal,MCAR,lightgbm,20,1,23.072342584657992,12.410239546405549,0.9210332564887247,4.184528199999477
spatiotemporal,MCAR,lightgbm,20,2,22.991489564226494,12.411012130747359,0.9215857372493644,4.197767199992086
spatiotemporal,MCAR,lightgbm,20,3,22.935582776211234,12.37402081241762,0.9219666224942973,4.011582200007979
spatiotemporal,MCAR,lightgbm,20,4,22.985340320594826,12.387986787926035,0.9216276765871424,4.189857000004849
spatiotemporal,MCAR,lightgbm,20,5,22.96415012088956,12.39456259232043,0.9217721129669858,3.908126499998616
spatiotemporal,MCAR,lightgbm,30,1,23.138377434755505,12.456395947801534,0.9205805916336927,4.178120800002944
spatiotemporal,MCAR,lightgbm,30,2,23.07335321325941,12.439373848038498,0.9210263384397995,4.024366400000872
spatiotemporal,MCAR,lightgbm,30,3,23.088812026935777,12.474168637356854,0.9209204805629311,4.097256199995172
spatiotemporal,MCAR,lightgbm,30,4,23.06373256861704,12.46119589146109,0.9210921822838978,4.513254899997264
spatiotemporal,MCAR,lightgbm,30,5,23.019682806025944,12.452483648863234,0.9213933088529279,3.9334892999904696
spatiotemporal,MCAR,lightgbm,40,1,23.120365822377444,12.645508309785681,0.9207041884452372,4.848689299993566
spatiotemporal,MCAR,lightgbm,40,2,23.217332760538596,12.636464750146857,0.9200376595399968,4.345455300004687
spatiotemporal,MCAR,lightgbm,40,3,23.21273240652404,12.673527227517846,0.9200693443707887,3.976176399999531
spatiotemporal,MCAR,lightgbm,40,4,23.19813036137055,12.65802938502479,0.9201698740216824,4.13642520000576
spatiotemporal,MCAR,lightgbm,40,5,23.25137995636879,12.668245922602827,0.9198029650812357,3.951985899999272
spatiotemporal,MCAR,lightgbm,50,1,23.484504269630786,12.834339604722398,0.9181867510268842,4.207271999999648
spatiotemporal,MCAR,lightgbm,50,2,23.492872812329946,12.80670594019589,0.9181284334532137,3.9482425000023795
spatiotemporal,MCAR,lightgbm,50,3,23.518419516993212,12.842369581501941,0.9179502784912942,3.9920607000094606
spatiotemporal,MCAR,lightgbm,50,4,23.490445104466758,12.81804666428196,0.9181453534763812,3.976814599998761
spatiotemporal,MCAR,lightgbm,50,5,23.399251112677014,12.795933456916057,0.9187796677596191,4.024149500008207
spatiotemporal,MAR,xgboost,10,1,23.012452751238857,12.216584279975372,0.9214426789017994,8.328221500007203
spatiotemporal,MAR,xgboost,10,2,22.921545907479278,12.2007628407388,0.9220621081076449,7.590417900006287
spatiotemporal,MAR,xgboost,10,3,22.88509509807907,12.21302846860983,0.9223097912608633,7.822171299980255
spatiotemporal,MAR,xgboost,10,4,23.092429418014344,12.251232574274406,0.920895699386938,7.290164200006984
spatiotemporal,MAR,xgboost,10,5,23.184425968208025,12.297780460142832,0.9202641661276503,7.298449299996719
spatiotemporal,MAR,xgboost,20,1,23.16308693534556,12.376965456322381,0.9204108769027877,7.6343430999841075
spatiotemporal,MAR,xgboost,20,2,23.132217107589238,12.348371967848253,0.920622875014343,7.596454499987885
spatiotemporal,MAR,xgboost,20,3,23.076792925964085,12.373585614013455,0.9210027903275968,7.306651699997019
spatiotemporal,MAR,xgboost,20,4,23.067673740071623,12.374044970517373,0.921065212164556,7.637049300014041
spatiotemporal,MAR,xgboost,20,5,23.277271480474624,12.438574634666487,0.9196242591665629,7.236734500009334
spatiotemporal,MAR,xgboost,30,1,23.25685074827399,12.475697530691223,0.9197652216951865,8.067695899982937
spatiotemporal,MAR,xgboost,30,2,23.01407861569763,12.442116897517186,0.9214315781234806,8.00153720000526
spatiotemporal,MAR,xgboost,30,3,23.335201152885006,12.498216100929037,0.9192237024122163,7.790444200014463
spatiotemporal,MAR,xgboost,30,4,23.269852770285205,12.48616598868544,0.9196754841829462,7.633615999977337
spatiotemporal,MAR,xgboost,30,5,23.29330236836636,12.539988718112447,0.919513512666055,7.433596299990313
spatiotemporal,MAR,xgboost,40,1,23.381118351381442,12.670699449726147,0.9189054989882992,7.79358910000883
spatiotemporal,MAR,xgboost,40,2,23.396103407608376,12.652738370002181,0.9188015180705114,7.899579399992945
spatiotemporal,MAR,xgboost,40,3,23.51791218722286,12.700052420081946,0.9179538183394857,7.5251495000266
spatiotemporal,MAR,xgboost,40,4,23.574552537548964,12.693960056550969,0.9175581437163551,7.2788824000163
spatiotemporal,MAR,xgboost,40,5,23.47495375652368,12.719252353417277,0.9182532799703094,7.68230320001021
spatiotemporal,MAR,xgboost,50,1,23.64728991830674,12.82413502731199,0.9170486234867421,7.919625800015638
spatiotemporal,MAR,xgboost,50,2,23.734086432485185,12.85173303026731,0.9164385659435862,8.03238990000682
spatiotemporal,MAR,xgboost,50,3,23.62494484591096,12.85618403787828,0.9172053161799655,7.593717299983837
spatiotemporal,MAR,xgboost,50,4,23.693655582536874,12.82457156377956,0.9167230160925398,7.646321000007447
spatiotemporal,MAR,xgboost,50,5,23.704737643105993,12.89466934994117,0.9166450968029174,7.53454709998914
spatiotemporal,MAR,lightgbm,10,1,23.0394258438084,12.317023216273732,0.9212584155616695,3.9382697000110056
spatiotemporal,MAR,lightgbm,10,2,22.92053672293825,12.277126074337446,0.9220689708196541,4.025886499992339
spatiotemporal,MAR,lightgbm,10,3,23.047511985207414,12.315530994021898,0.9212031340347755,4.066077899973607
spatiotemporal,MAR,lightgbm,10,4,22.91470897789526,12.30312020222219,0.9221085950603214,3.9476051999954507
spatiotemporal,MAR,lightgbm,10,5,22.969175653461313,12.31278220299383,0.9217378700440161,3.998069699999178
spatiotemporal,MAR,lightgbm,20,1,23.255267212670685,12.461214760270671,0.9197761475341089,4.167207699996652
spatiotemporal,MAR,lightgbm,20,2,23.231692908194294,12.448776012914164,0.9199387139689288,4.432280399982119
spatiotemporal,MAR,lightgbm,20,3,23.15373025419652,12.436980237710289,0.9204751636398557,4.031773900002008
spatiotemporal,MAR,lightgbm,20,4,23.283224467258368,12.488023669130063,0.9195831429294989,3.81355339998845
spatiotemporal,MAR,lightgbm,20,5,23.200539034217798,12.444360686354546,0.9201532955615785,4.4258553000108805
spatiotemporal,MAR,lightgbm,30,1,23.345812911232287,12.584362318007665,0.9191502191414329,4.75450290000299
spatiotemporal,MAR,lightgbm,30,2,23.227415468157357,12.529615446298806,0.9199681931657187,4.185287000000244
spatiotemporal,MAR,lightgbm,30,3,23.171373160664853,12.550036463872328,0.9203539232359108,3.9611593000008725
spatiotemporal,MAR,lightgbm,30,4,23.172264510923583,12.540013892478989,0.9203477955095909,4.24884290000773
spatiotemporal,MAR,lightgbm,30,5,23.2316630150073,12.561518277694061,0.9199389200051796,4.0141419999999925
spatiotemporal,MAR,lightgbm,40,1,23.441043034840224,12.759254350767133,0.9184892836779235,4.185045999998692
spatiotemporal,MAR,lightgbm,40,2,23.34023565779154,12.736693890061675,0.9191888441281423,4.42957980002393
spatiotemporal,MAR,lightgbm,40,3,23.270905218056466,12.721077933738549,0.9196682181920343,4.169436199998017
spatiotemporal,MAR,lightgbm,40,4,23.427871303892715,12.74918663764537,0.9185808611371667,4.092964299983578
spatiotemporal,MAR,lightgbm,40,5,23.38848356904499,12.748987685337797,0.9188544002584789,4.116141199978301
spatiotemporal,MAR,lightgbm,50,1,23.703307625143083,12.928309096664963,0.9166551534772623,3.9732634000247344
spatiotemporal,MAR,lightgbm,50,2,23.573622410376263,12.888748931941166,0.9175646490273556,4.478486499981955
spatiotemporal,MAR,lightgbm,50,3,23.68784779818695,12.915650211115336,0.9167638367658615,3.929971499979729
spatiotemporal,MAR,lightgbm,50,4,23.68276751580534,12.92719619919273,0.9167995359034029,3.991715899988776
spatiotemporal,MAR,lightgbm,50,5,23.60856679515188,12.931053724009168,0.9173200716227812,4.077882199984742
saits,MCAR,xgboost,10,1,23.406233919814643,12.486290273218398,0.918731184965291,8.025674499978777
saits,MCAR,xgboost,10,2,23.34724921357401,12.46075366564469,0.9191402706078623,7.721227300004102
saits,MCAR,xgboost,10,3,23.28975899478599,12.484362235325502,0.919537997987756,7.5531602000119165
saits,MCAR,xgboost,10,4,23.237320028055635,12.458249300956394,0.9198999248014113,7.7276507999922615
saits,MCAR,xgboost,10,5,23.41865547122161,12.556866620091103,0.9186449043076659,7.544592199992621
saits,MCAR,xgboost,20,1,23.75701318595274,12.830850117326552,0.9162770499133743,7.798387099988759
saits,MCAR,xgboost,20,2,23.809083308930088,12.805281348627322,0.9159096433068223,7.546776700008195
saits,MCAR,xgboost,20,3,23.94237855162589,12.836528288168525,0.914965447284064,7.6973621000070125
saits,MCAR,xgboost,20,4,23.70728804484853,12.816101457784665,0.9166271594665248,7.540722500008997
saits,MCAR,xgboost,20,5,23.718180342124118,12.857511042801342,0.9165505306779393,7.783367399999406
saits,MCAR,xgboost,30,1,23.951278480977784,13.029579325986896,0.9149022169604586,8.313253300002543
saits,MCAR,xgboost,30,2,23.911350852146136,12.999038677955943,0.9151857025047733,8.012485600018408
saits,MCAR,xgboost,30,3,23.993318123202002,13.041428636805843,0.9146032249897869,7.643415300000925
saits,MCAR,xgboost,30,4,23.990237991902386,13.020807235777422,0.9146251491267366,7.5019631999894045
saits,MCAR,xgboost,30,5,24.129417425209947,13.086350296414762,0.9136316707524419,7.3903351000044495
saits,MCAR,xgboost,40,1,24.054082808036057,13.265597900074868,0.9141701311613668,7.813468699983787
saits,MCAR,xgboost,40,2,24.029472845237446,13.25569526447579,0.9143456680425018,8.073445599991828
saits,MCAR,xgboost,40,3,24.06903162957695,13.282682473282788,0.9140634171294282,7.643813999980921
saits,MCAR,xgboost,40,4,23.967336986759936,13.241706706778523,0.9147880684525098,7.452579899982084
saits,MCAR,xgboost,40,5,24.252037398085363,13.349530114249925,0.9127516336457775,7.669059099978767
saits,MCAR,xgboost,50,1,24.9506946283572,13.854633909378089,0.9076522906912173,7.940754100010963
saits,MCAR,xgboost,50,2,24.78460755373203,13.836507618747007,0.9088776443223904,8.078062299988233
saits,MCAR,xgboost,50,3,25.05974019407681,13.86358506928087,0.9068433261499786,7.7872822000063024
saits,MCAR,xgboost,50,4,24.78652487910263,13.831959135042206,0.9088635454134787,7.745334700011881
saits,MCAR,xgboost,50,5,25.26257901145244,13.91079136788414,0.9053291633806513,7.760844399977941
saits,MCAR,lightgbm,10,1,23.097573070509654,12.52955378482964,0.9208604557717209,3.8887484000006225
saits,MCAR,lightgbm,10,2,23.197515827828454,12.532867786787708,0.9201741034694462,4.087027200002922
saits,MCAR,lightgbm,10,3,23.111465576129724,12.524423906302067,0.9207652269611559,4.01820590000716
saits,MCAR,lightgbm,10,4,23.13909862746338,12.533102604558623,0.9205756407601098,4.300436099991202
saits,MCAR,lightgbm,10,5,23.066206045857207,12.50233304547088,0.9210752563889669,4.063195199996699
saits,MCAR,lightgbm,20,1,23.541162605298695,12.900965652804796,0.9177915121819213,4.502983600017615
saits,MCAR,lightgbm,20,2,23.54198887418565,12.857593009880402,0.917785741225836,4.112391300004674
saits,MCAR,lightgbm,20,3,23.42836319925851,12.85591114502036,0.9185774421225223,4.25366909999866
saits,MCAR,lightgbm,20,4,23.54562862188905,12.882609764847885,0.9177603175206988,4.0041403000068385
saits,MCAR,lightgbm,20,5,23.528803121533006,12.888191726368957,0.9178778110419449,4.22413940000115
saits,MCAR,lightgbm,30,1,23.799107366468373,13.07955248607148,0.9159800958147761,3.9709310000180267
saits,MCAR,lightgbm,30,2,23.877204848053594,13.083758285119323,0.9154277634019363,4.070497400010936
saits,MCAR,lightgbm,30,3,23.787567459239785,13.079577059855312,0.9160615565868375,4.071389199991245
saits,MCAR,lightgbm,30,4,23.83216114117544,13.092381441465427,0.9157465489423474,4.039206299989019
saits,MCAR,lightgbm,30,5,23.787926292583503,13.084954877753162,0.9160590241598001,4.156102000008104
saits,MCAR,lightgbm,40,1,24.00620113289002,13.339578331316375,0.9145114942139972,4.787444699992193
saits,MCAR,lightgbm,40,2,24.020386401141636,13.334474144237682,0.9144104340199312,4.150203600001987
saits,MCAR,lightgbm,40,3,23.9899387617673,13.355292495928394,0.9146272788737484,4.033498500008136
saits,MCAR,lightgbm,40,4,24.05035277932715,13.344831632472603,0.9141967481024484,3.978362499998184
saits,MCAR,lightgbm,40,5,24.159905652549863,13.37392048577893,0.9134132750254093,4.194624399999157
saits,MCAR,lightgbm,50,1,24.906847923959457,13.915364299779677,0.9079765770426811,4.0559712999965996
saits,MCAR,lightgbm,50,2,24.857330469963042,13.895109246881374,0.9083421179541793,4.050352700025542
saits,MCAR,lightgbm,50,3,24.579052153669164,13.884684109071387,0.910382854290201,4.070247199997539
saits,MCAR,lightgbm,50,4,24.81147224924504,13.92857268688604,0.908679997371826,4.0702007000218146
saits,MCAR,lightgbm,50,5,24.777344074517174,13.903729058369473,0.9089310458822535,4.102244399982737
saits,MAR,xgboost,10,1,23.144466648707247,12.431176749886161,0.9205387852966332,7.8716395999945235
saits,MAR,xgboost,10,2,23.152832470999645,12.40110950115401,0.9204813306528465,8.20427980000386
saits,MAR,xgboost,10,3,23.072066850565015,12.439128780566671,0.921035143916775,7.804359600006137
saits,MAR,xgboost,10,4,23.24252794367512,12.430974086743204,0.9198640169447153,8.111259800003609
saits,MAR,xgboost,10,5,23.24334404886295,12.485556696838726,0.9198583892832292,7.407060500001535
saits,MAR,xgboost,20,1,23.591694546921698,12.744760960477967,0.9174382065192268,7.738205700006802
saits,MAR,xgboost,20,2,23.601406228227468,12.743488753145531,0.9173702182820294,7.510151399997994
saits,MAR,xgboost,20,3,23.57888083424454,12.749700159231656,0.9175278682257914,7.326412399997935
saits,MAR,xgboost,20,4,23.465829128690007,12.717934604710763,0.9183168169160013,7.647661399998469
saits,MAR,xgboost,20,5,23.5338081447911,12.785659753274583,0.9178428694276294,7.740725799987558
saits,MAR,xgboost,30,1,23.56482652778004,12.93514219045737,0.917626154754544,8.095828800025629
saits,MAR,xgboost,30,2,23.648740307367973,12.92807851272514,0.9170384476518669,8.074266599986004
saits,MAR,xgboost,30,3,23.564753130145615,12.942498977541543,0.9176266678952587,7.495257199974731
saits,MAR,xgboost,30,4,23.61329140182088,12.928970846288996,0.9172869760747673,7.633292499987874
saits,MAR,xgboost,30,5,23.62967271690735,12.98242329253232,0.9171721747902204,7.875175599998329
saits,MAR,xgboost,40,1,24.160706706230798,13.462816834965055,0.9134075331350534,7.94854480001959
saits,MAR,xgboost,40,2,24.35766861928416,13.489343060352784,0.9119899473521571,7.564820699975826
saits,MAR,xgboost,40,3,24.431136045408532,13.5447403674644,0.9114582361033625,7.6450985000119545
saits,MAR,xgboost,40,4,24.455032898419052,13.528315666047694,0.9112849404930362,7.655201500019757
saits,MAR,xgboost,40,5,24.57861079336105,13.587459924408899,0.9103860727296811,7.539629099977901
saits,MAR,xgboost,50,1,24.514787990271834,13.559824786245356,0.910850865987442,7.931634400010807
saits,MAR,xgboost,50,2,24.617268794230935,13.57979247031593,0.9101039559181971,7.87175049999496
saits,MAR,xgboost,50,3,24.63840076710009,13.603527577117243,0.9099495524266398,7.758087399997748
saits,MAR,xgboost,50,4,24.465877067898308,13.5628098732616,0.9112062446724201,7.560093299980508
saits,MAR,xgboost,50,5,24.813598793214307,13.65432726156015,0.9086643429744573,7.689847599976929
saits,MAR,lightgbm,10,1,22.94745663365325,12.502824957771562,0.9218858050979623,4.099634499987587
saits,MAR,lightgbm,10,2,22.972285063034015,12.477982651970603,0.9217166794282797,4.190849800012074
saits,MAR,lightgbm,10,3,22.888712661497003,12.456807231549408,0.9222852275464191,3.9598750999721233
saits,MAR,lightgbm,10,4,23.0804772901202,12.504771419577265,0.9209775634494011,3.9854915000032634
saits,MAR,lightgbm,10,5,22.938673552362832,12.474526639529662,0.9219455896776984,4.086215899995295
saits,MAR,lightgbm,20,1,23.4453310761753,12.815858344556505,0.9184594596390294,4.4360473999986425
saits,MAR,lightgbm,20,2,23.45295869921169,12.825271243653265,0.9184063947729136,4.008384700020542
saits,MAR,lightgbm,20,3,23.461784149534886,12.811393498721973,0.9183449751620835,4.135960400017211
saits,MAR,lightgbm,20,4,23.466023949652097,12.810611174098133,0.9183154605895499,4.035319799993886
saits,MAR,lightgbm,20,5,23.377006518552957,12.808797804635706,0.9189340192418005,4.299002699990524
saits,MAR,lightgbm,30,1,23.77412122124652,13.043495885281956,0.9161564244033877,4.238553800008958
saits,MAR,lightgbm,30,2,23.594878975277044,13.006139753995587,0.9174159164832343,4.0107255000039
saits,MAR,lightgbm,30,3,23.694442211382135,13.041104601189332,0.9167174864126731,3.9407203000155278
saits,MAR,lightgbm,30,4,23.67656120471063,13.048822456615268,0.916843137252216,3.9249380999826826
saits,MAR,lightgbm,30,5,23.661183047744778,13.030838661530055,0.9169511245549985,5.254540299996734
saits,MAR,lightgbm,40,1,24.22426919320612,13.584947290254672,0.9129513153037114,5.182795799977612
saits,MAR,lightgbm,40,2,24.1814126778619,13.570392007876638,0.9132590482843628,4.394080199999735
saits,MAR,lightgbm,40,3,24.169846142556338,13.562733161454332,0.9133420088909027,4.576094599993667
saits,MAR,lightgbm,40,4,24.24682559145214,13.607372127093097,0.9127891292793848,3.9584221999975853
saits,MAR,lightgbm,40,5,24.305516496013936,13.611665989399938,0.9123664199501437,4.19618349999655
saits,MAR,lightgbm,50,1,24.465763868675783,13.684262180387275,0.911207066336061,3.942021599999862
saits,MAR,lightgbm,50,2,24.441992824771308,13.672993370750376,0.9113795257248458,3.97447800001828
saits,MAR,lightgbm,50,3,24.36546770390476,13.65060991197125,0.9119335784321512,3.963640800007852
saits,MAR,lightgbm,50,4,24.49268170723064,13.695804436296019,0.9110115744889882,3.9209184999926947
saits,MAR,lightgbm,50,5,24.537332914993335,13.67288271831524,0.910686819315196,4.556818199984264
positive_matrix_factorization,MCAR,xgboost,10,1,22.918602660672274,12.21914005494203,0.9220821220914236,7.641028299985919
positive_matrix_factorization,MCAR,xgboost,10,2,22.983122437664658,12.206787844258862,0.9216428003355656,7.491695799981244
positive_matrix_factorization,MCAR,xgboost,10,3,22.953207302294,12.238401750831507,0.9218466491126682,7.722159199998714
positive_matrix_factorization,MCAR,xgboost,10,4,22.84973830385739,12.20348927477443,0.9225496639631675,8.042132800008403
positive_matrix_factorization,MCAR,xgboost,10,5,22.941107644675444,12.273519707490406,0.9219290236177653,7.759874100011075
positive_matrix_factorization,MCAR,xgboost,20,1,23.142930740301757,12.340393565272349,0.9205493313247495,7.317522600002121
positive_matrix_factorization,MCAR,xgboost,20,2,23.015937748218693,12.307712285429208,0.9214188837192783,7.362548600009177
positive_matrix_factorization,MCAR,xgboost,20,3,23.11349769999974,12.340499082717521,0.9207512925828377,7.498641499987571
positive_matrix_factorization,MCAR,xgboost,20,4,23.093974606988677,12.347134572813504,0.9208851127846923,7.308387600001879
positive_matrix_factorization,MCAR,xgboost,20,5,23.197490559091644,12.38625234013496,0.9201742773758667,7.36135949997697
positive_matrix_factorization,MCAR,xgboost,30,1,23.116753251285644,12.455900226997029,0.9207289665459656,7.6689633000059985
positive_matrix_factorization,MCAR,xgboost,30,2,23.172891227106888,12.461713049391365,0.9203434869103494,7.733401300007245
positive_matrix_factorization,MCAR,xgboost,30,3,23.24557161066214,12.477696679634128,0.9198430275569155,7.358286299975589
positive_matrix_factorization,MCAR,xgboost,30,4,23.073330260405914,12.447366030685636,0.9210264955621705,7.725002699997276
positive_matrix_factorization,MCAR,xgboost,30,5,23.24487544260226,12.516491330558692,0.9198478286338109,7.54889400000684
positive_matrix_factorization,MCAR,xgboost,40,1,23.400815170810976,12.676865111583256,0.9187688095004152,7.728827999992063
positive_matrix_factorization,MCAR,xgboost,40,2,23.333728195803715,12.654034558446309,0.9192338995614625,7.640352199989138
positive_matrix_factorization,MCAR,xgboost,40,3,23.489834330030224,12.685651996765785,0.9181496100220048,7.602111599990167
positive_matrix_factorization,MCAR,xgboost,40,4,23.31553963375109,12.664654238205982,0.919359764289936,7.420948099985253
positive_matrix_factorization,MCAR,xgboost,40,5,23.372319946410393,12.722774301323975,0.918966519851654,7.353316699998686
positive_matrix_factorization,MCAR,xgboost,50,1,23.6363158787133,12.949844178740124,0.9171255964056985,7.996515500009991
positive_matrix_factorization,MCAR,xgboost,50,2,23.64587223462315,12.94424030421517,0.9170585692596678,7.870270099985646
positive_matrix_factorization,MCAR,xgboost,50,3,23.63727345705134,12.982163284976865,0.9171188812863373,7.742491399985738
positive_matrix_factorization,MCAR,xgboost,50,4,23.612035434341944,12.93500897021144,0.9172957746876841,7.375420399999712
positive_matrix_factorization,MCAR,xgboost,50,5,23.752400012057233,13.013339105025974,0.9163095616626875,7.360758800001349
positive_matrix_factorization,MCAR,lightgbm,10,1,22.788493456283703,12.278361350657507,0.9229642925227571,3.760942499997327
positive_matrix_factorization,MCAR,lightgbm,10,2,22.787843691562948,12.26302222106505,0.92296868547409,4.107071199978236
positive_matrix_factorization,MCAR,lightgbm,10,3,22.846012842203084,12.273275983782234,0.9225749171832516,3.98335340002086
positive_matrix_factorization,MCAR,lightgbm,10,4,22.874075052293353,12.296816784144138,0.9223845948410441,3.8487478000170086
positive_matrix_factorization,MCAR,lightgbm,10,5,22.75357199870579,12.287794787398981,0.9232002131590499,3.852052599977469
positive_matrix_factorization,MCAR,lightgbm,20,1,22.980605261584856,12.390390840860938,0.9216599631965418,4.745035500003723
positive_matrix_factorization,MCAR,lightgbm,20,2,22.87378580579094,12.37455106429003,0.9223865577481765,3.9007284000108484
positive_matrix_factorization,MCAR,lightgbm,20,3,22.84632093252685,12.372393926031574,0.922572828934432,3.965560100012226
positive_matrix_factorization,MCAR,lightgbm,20,4,22.942989580234286,12.408783616087232,0.9219162142473376,3.9535154000041075
positive_matrix_factorization,MCAR,lightgbm,20,5,22.888030227244503,12.404645056484146,0.9222898616586823,4.38506060000509
positive_matrix_factorization,MCAR,lightgbm,30,1,23.07487023312868,12.538972937102189,0.9210159534254441,4.427976999984821
positive_matrix_factorization,MCAR,lightgbm,30,2,22.969511814268696,12.496107207902831,0.921735579247541,4.028518900013296
positive_matrix_factorization,MCAR,lightgbm,30,3,22.955203105764042,12.52929363285398,0.9218330575036097,3.844978099979926
positive_matrix_factorization,MCAR,lightgbm,30,4,23.07559744135419,12.521338303640501,0.9210109749572789,4.037779100006446
positive_matrix_factorization,MCAR,lightgbm,30,5,23.045119871623463,12.527341647431925,0.9212194899235826,4.602438299974892
positive_matrix_factorization,MCAR,lightgbm,40,1,23.235097396329287,12.732063476756213,0.9199152470893383,5.017317899997579
positive_matrix_factorization,MCAR,lightgbm,40,2,23.21736089320263,12.714721812479493,0.9200374657576149,4.181893100001616
positive_matrix_factorization,MCAR,lightgbm,40,3,23.288371676142308,12.723511442598436,0.9195475835837991,3.937243899999885
positive_matrix_factorization,MCAR,lightgbm,40,4,23.26694021439446,12.729905253089118,0.9196955904554651,4.198212899995269
positive_matrix_factorization,MCAR,lightgbm,40,5,23.23281223018263,12.710490687284627,0.9199309989464317,3.948590799991507
positive_matrix_factorization,MCAR,lightgbm,50,1,23.5131057856999,12.992389403564513,0.9179873507885081,4.041137099993648
positive_matrix_factorization,MCAR,lightgbm,50,2,23.46279402824575,12.982659016721387,0.9183379455648956,3.895309300016379
positive_matrix_factorization,MCAR,lightgbm,50,3,23.494028554325016,12.989167989834078,0.9181203778411213,4.133991099981358
positive_matrix_factorization,MCAR,lightgbm,50,4,23.50746529594715,13.025325845859438,0.9180266936151709,3.8991548999911174
positive_matrix_factorization,MCAR,lightgbm,50,5,23.487225256699368,12.994918314406528,0.9181677916580817,3.9820849999960046
positive_matrix_factorization,MAR,xgboost,10,1,22.926166188063018,12.23272860223533,0.9220306851641709,7.991247300000396
positive_matrix_factorization,MAR,xgboost,10,2,22.83177518628747,12.214145116679235,0.9226713898765577,7.809407699998701
positive_matrix_factorization,MAR,xgboost,10,3,22.978601609836854,12.241592372394127,0.9216736233510109,7.713049499987392
positive_matrix_factorization,MAR,xgboost,10,4,22.849619826585293,12.2143381597257,0.9225504671304183,8.08524220000254
positive_matrix_factorization,MAR,xgboost,10,5,23.17856499253623,12.307312051958112,0.9203044751448439,7.06756680001854
positive_matrix_factorization,MAR,xgboost,20,1,22.986762188036483,12.368264739790938,0.9216179801023303,7.427929099998437
positive_matrix_factorization,MAR,xgboost,20,2,22.94027125223629,12.337699179389633,0.9219347161749906,7.187886300001992
positive_matrix_factorization,MAR,xgboost,20,3,22.987400807336748,12.363634444103063,0.9216136248159594,7.216034599987324
positive_matrix_factorization,MAR,xgboost,20,4,22.84365000758097,12.343809587430808,0.9225909316368193,7.332300300011411
positive_matrix_factorization,MAR,xgboost,20,5,23.25060688975546,12.451081899619602,0.9198082978072627,7.4510547000099905
positive_matrix_factorization,MAR,xgboost,30,1,23.092103799597712,12.526411185484731,0.9208979302163625,7.899357399990549
positive_matrix_factorization,MAR,xgboost,30,2,23.120408868928983,12.511294852157992,0.9207038931718454,7.578888899995945
positive_matrix_factorization,MAR,xgboost,30,3,23.292340557786904,12.55278810834185,0.9195201593111344,7.744881999999052
positive_matrix_factorization,MAR,xgboost,30,4,23.229609936286305,12.538309302006414,0.9199530700414044,7.445022700005211
positive_matrix_factorization,MAR,xgboost,30,5,23.336740398963492,12.622971186684579,0.9192130456624256,7.347995699994499
positive_matrix_factorization,MAR,xgboost,40,1,23.53483113422141,12.805826989807317,0.9178357267074734,7.612148199987132
positive_matrix_factorization,MAR,xgboost,40,2,23.548954035284456,12.796619632766943,0.9177370860106489,7.331824799999595
positive_matrix_factorization,MAR,xgboost,40,3,23.6754792736493,12.871757389940395,0.9168507369991846,7.365103399992222
positive_matrix_factorization,MAR,xgboost,40,4,23.67312887360029,12.816269669200079,0.9168672455841765,7.366865499992855
positive_matrix_factorization,MAR,xgboost,40,5,23.74614780736172,12.910742701676304,0.9163536145487368,7.7995205000042915
positive_matrix_factorization,MAR,xgboost,50,1,23.853263956767076,13.079804898591991,0.9155972740014838,8.29599290000624
positive_matrix_factorization,MAR,xgboost,50,2,24.213416159231954,13.107540098774006,0.9130292974869222,7.674516200000653
positive_matrix_factorization,MAR,xgboost,50,3,23.988711910482706,13.116245795368593,0.9146360106137847,7.684107100008987
positive_matrix_factorization,MAR,xgboost,50,4,24.094114222990804,13.104869230289989,0.9138842129518883,7.7909760999900755
positive_matrix_factorization,MAR,xgboost,50,5,24.17224371262736,13.167542116125698,0.9133248156568492,7.469449900003383
positive_matrix_factorization,MAR,lightgbm,10,1,22.77582274727609,12.29822571759604,0.9230499344870203,3.7080155999865383
positive_matrix_factorization,MAR,lightgbm,10,2,22.767447955007274,12.293562360304142,0.9231065139870207,3.9690129999944475
positive_matrix_factorization,MAR,lightgbm,10,3,22.720936635429688,12.29269034788327,0.9234203624605377,3.894759899994824
positive_matrix_factorization,MAR,lightgbm,10,4,22.78436181667568,12.319360406197367,0.9229922237177554,4.698533000017051
positive_matrix_factorization,MAR,lightgbm,10,5,22.917802488681723,12.345258096076595,0.9220875627909283,3.8459500999888405
positive_matrix_factorization,MAR,lightgbm,20,1,22.836660833926164,12.423940505446982,0.9226382920766633,4.304971799982013
positive_matrix_factorization,MAR,lightgbm,20,2,22.87483355823748,12.391739420260048,0.9223794472910662,3.866934499994386
positive_matrix_factorization,MAR,lightgbm,20,3,22.81573336741271,12.433682659078487,0.9227800153125417,4.137960199994268
positive_matrix_factorization,MAR,lightgbm,20,4,22.829310477817945,12.427550254619774,0.9226880843465626,4.157097900024382
positive_matrix_factorization,MAR,lightgbm,20,5,22.85378628911351,12.435454414089566,0.9225222198336036,4.032921899983194
positive_matrix_factorization,MAR,lightgbm,30,1,22.973157534697275,12.588075849431494,0.9217107330214934,3.7081397000001743
positive_matrix_factorization,MAR,lightgbm,30,2,22.98159679352011,12.585126889860522,0.9216532028590179,3.9305530000128783
positive_matrix_factorization,MAR,lightgbm,30,3,23.07766240539453,12.588261927459314,0.9209968373563096,3.913100299978396
positive_matrix_factorization,MAR,lightgbm,30,4,23.094453963347306,12.60604212955742,0.9208818284113017,3.86321000001044
positive_matrix_factorization,MAR,lightgbm,30,5,22.966687783971704,12.581469482176454,0.921754822800494,4.329895100003341
positive_matrix_factorization,MAR,lightgbm,40,1,23.339890753532313,12.861440393753025,0.919191232442153,4.075853999995161
positive_matrix_factorization,MAR,lightgbm,40,2,23.299206022113935,12.855960229410798,0.9194727091286328,3.937094299995806
positive_matrix_factorization,MAR,lightgbm,40,3,23.29201230738045,12.837119824445754,0.9195224276408632,4.085046299995156
positive_matrix_factorization,MAR,lightgbm,40,4,23.382326812020068,12.869500920748607,0.9188971159808162,4.01031330000842
positive_matrix_factorization,MAR,lightgbm,40,5,23.461325441983757,12.873375150647863,0.9183481680488723,4.108461900003022
positive_matrix_factorization,MAR,lightgbm,50,1,23.78775940706704,13.160883336012025,0.9160602019408134,3.7679644000018016
positive_matrix_factorization,MAR,lightgbm,50,2,23.804324127450702,13.180095861625766,0.9159432574754148,3.9856626999971922
positive_matrix_factorization,MAR,lightgbm,50,3,23.740885694268417,13.16438799459765,0.9163906822849104,4.1572136000031605
positive_matrix_factorization,MAR,lightgbm,50,4,23.766500265768524,13.171919490415448,0.916210169039247,3.942078699998092
positive_matrix_factorization,MAR,lightgbm,50,5,23.774722287555996,13.17562672507497,0.9161521848199224,3.920206499984488
hybrid_linear_seasonal,MCAR,xgboost,10,1,22.68770161593588,12.005658082219917,0.9236442321317252,7.9316560000006575
hybrid_linear_seasonal,MCAR,xgboost,10,2,22.7048940276347,12.006167060293508,0.9235284656952122,7.616405299981125
hybrid_linear_seasonal,MCAR,xgboost,10,3,22.651327610471448,12.021011779821992,0.9238888702852535,7.645999300002586
hybrid_linear_seasonal,MCAR,xgboost,10,4,22.694971065031197,12.01350794835615,0.9235952934333812,7.313424499996472
hybrid_linear_seasonal,MCAR,xgboost,10,5,22.65596129376219,12.058392041707183,0.9238577276565613,7.251995300000999
hybrid_linear_seasonal,MCAR,xgboost,20,1,22.491731726333057,11.862331386406225,0.924957613868455,7.3685906999744475
hybrid_linear_seasonal,MCAR,xgboost,20,2,22.51187524169039,11.87470452933172,0.9248231382864486,7.6781981000094675
hybrid_linear_seasonal,MCAR,xgboost,20,3,22.61330775822052,11.912821137168578,0.9241441582238299,7.330614900012733
hybrid_linear_seasonal,MCAR,xgboost,20,4,22.61063239364731,11.895486378284513,0.9241621060648944,7.338357600005111
hybrid_linear_seasonal,MCAR,xgboost,20,5,22.80636795614578,11.96464629528462,0.9228433968812078,7.180439599993406
hybrid_linear_seasonal,MCAR,xgboost,30,1,22.300398877563943,11.738207551767156,0.9262289257444715,7.933254300005501
hybrid_linear_seasonal,MCAR,xgboost,30,2,22.172063864329143,11.698506790158229,0.9270755626291478,8.092361599992728
hybrid_linear_seasonal,MCAR,xgboost,30,3,22.16163723055124,11.706095164444056,0.9271441333877378,7.692925500014098
hybrid_linear_seasonal,MCAR,xgboost,30,4,22.320069359463528,11.724063840768252,0.926098726049008,7.4889318000059575
hybrid_linear_seasonal,MCAR,xgboost,30,5,22.271146335734944,11.76240736140233,0.9264223371784953,7.320815400016727
hybrid_linear_seasonal,MCAR,xgboost,40,1,22.13188338644979,11.531899467367902,0.9273396322028614,7.272140399989439
hybrid_linear_seasonal,MCAR,xgboost,40,2,21.986567556303992,11.517297630420062,0.9282906617893275,7.240592300018761
hybrid_linear_seasonal,MCAR,xgboost,40,3,22.070213343341802,11.556740555509226,0.9277440013090076,7.223416799999541
hybrid_linear_seasonal,MCAR,xgboost,40,4,22.057255740033945,11.528969738269014,0.9278288205818244,7.1303908999834675
hybrid_linear_seasonal,MCAR,xgboost,40,5,22.1209710299244,11.559568384192549,0.9274112664467289,7.482863199984422
hybrid_linear_seasonal,MCAR,xgboost,50,1,21.531919904374433,11.303354251100423,0.9312256718237176,7.966772599989781
hybrid_linear_seasonal,MCAR,xgboost,50,2,21.569143645296904,11.295586944658357,0.930987676266981,7.488688800018281
hybrid_linear_seasonal,MCAR,xgboost,50,3,21.692441968602566,11.341476391643928,0.9301964140122199,7.444770300004166
hybrid_linear_seasonal,MCAR,xgboost,50,4,21.69852159276573,11.332630539472175,0.93015728157725,7.303917799988994
hybrid_linear_seasonal,MCAR,xgboost,50,5,21.617813994979738,11.351276543083303,0.9306758749662134,7.311910999997053
hybrid_linear_seasonal,MCAR,lightgbm,10,1,22.614921330021513,12.087187277639133,0.924133332455621,5.3682614999997895
hybrid_linear_seasonal,MCAR,lightgbm,10,2,22.482813044561656,12.053148858374598,0.9250171154198923,5.300422100001015
hybrid_linear_seasonal,MCAR,lightgbm,10,3,22.542867454743902,12.08140787267876,0.9246160030673142,5.2935737000079826
hybrid_linear_seasonal,MCAR,lightgbm,10,4,22.54972345814431,12.082498297543248,0.9245701427495868,4.657422599993879
hybrid_linear_seasonal,MCAR,lightgbm,10,5,22.497103258832205,12.06430569029202,0.9249217659617998,5.375255399994785
hybrid_linear_seasonal,MCAR,lightgbm,20,1,22.40095358318109,11.948633774313123,0.9255621436830089,8.44092510000337
hybrid_linear_seasonal,MCAR,lightgbm,20,2,22.331670560760724,11.929853880168327,0.9260218834236379,5.549976500013145
hybrid_linear_seasonal,MCAR,lightgbm,20,3,22.479745380719244,11.972042278754724,0.925037576079392,5.624604000011459
hybrid_linear_seasonal,MCAR,lightgbm,20,4,22.395974798130837,11.954616426814624,0.9255952287835472,5.480536899995059
hybrid_linear_seasonal,MCAR,lightgbm,20,5,22.50645753475817,11.98607580007103,0.9248593180530594,5.633783299999777
hybrid_linear_seasonal,MCAR,lightgbm,30,1,22.09086706556445,11.803336352918814,0.927608700975495,5.636545300018042
hybrid_linear_seasonal,MCAR,lightgbm,30,2,22.04679582199995,11.806857366942102,0.9278972539024382,4.931663400027901
hybrid_linear_seasonal,MCAR,lightgbm,30,3,22.165483612027565,11.81149629531062,0.9271188414139185,5.415930699993623
hybrid_linear_seasonal,MCAR,lightgbm,30,4,22.06600601733967,11.822878568034016,0.9277715475370953,5.3091882999869995
hybrid_linear_seasonal,MCAR,lightgbm,30,5,22.102417235442072,11.806032903641988,0.927532981866425,5.487304400012363
hybrid_linear_seasonal,MCAR,lightgbm,40,1,21.84744755183134,11.612046771378916,0.9291952724079567,5.854471500002546
hybrid_linear_seasonal,MCAR,lightgbm,40,2,21.896611247148616,11.634311914438191,0.9288762476112473,5.730123299988918
hybrid_linear_seasonal,MCAR,lightgbm,40,3,21.824425739612995,11.612687548915535,0.9293444151672909,5.56730389999575
hybrid_linear_seasonal,MCAR,lightgbm,40,4,21.919241095995623,11.624268170203639,0.9287291607898056,5.525474199996097
hybrid_linear_seasonal,MCAR,lightgbm,40,5,21.8610303095446,11.628625397614096,0.9291072051485038,4.462606599990977
hybrid_linear_seasonal,MCAR,lightgbm,50,1,21.598717548985732,11.404627319639193,0.9307982980465859,5.412189900001977
hybrid_linear_seasonal,MCAR,lightgbm,50,2,21.456882614274733,11.401273641836932,0.9317041843760286,4.5507169000047725
hybrid_linear_seasonal,MCAR,lightgbm,50,3,21.54531140983092,11.403519960197103,0.9311400985729594,5.3947125999839045
hybrid_linear_seasonal,MCAR,lightgbm,50,4,21.460144836461893,11.421678595315768,0.9316834159293201,5.415288299991516
hybrid_linear_seasonal,MCAR,lightgbm,50,5,21.53842346493833,11.40564127174345,0.9311841199733425,5.462746600009268
hybrid_linear_seasonal,MAR,xgboost,10,1,22.75139097902585,12.052248920007763,0.9232149355787796,7.851133000018308
hybrid_linear_seasonal,MAR,xgboost,10,2,22.750079378738565,12.041298069353015,0.9232237885240507,7.641779600002337
hybrid_linear_seasonal,MAR,xgboost,10,3,22.700274080807322,12.083386718569633,0.9235595830814498,7.605497199983802
hybrid_linear_seasonal,MAR,xgboost,10,4,22.797024840325072,12.050547748153155,0.9229066016333262,7.78550179998274
hybrid_linear_seasonal,MAR,xgboost,10,5,22.785592448320752,12.121950271645407,0.9229839047868599,8.051589400012745
hybrid_linear_seasonal,MAR,xgboost,20,1,22.556999676317655,11.950730592223108,0.9245214563301615,7.209558000002289
hybrid_linear_seasonal,MAR,xgboost,20,2,22.599389465727747,11.955174791224453,0.9242375066973554,7.543093099986436
hybrid_linear_seasonal,MAR,xgboost,20,3,22.55722121496246,11.957671866832534,0.9245199737308238,7.62491320000845
hybrid_linear_seasonal,MAR,xgboost,20,4,22.641290894984564,11.957002623753786,0.9239563044353065,7.621616600023117
hybrid_linear_seasonal,MAR,xgboost,20,5,22.800176259862578,12.017312428379222,0.9228852856558016,7.455487900006119
hybrid_linear_seasonal,MAR,xgboost,30,1,22.49633041583137,11.860250812768701,0.9249269241984296,7.644018999999389
hybrid_linear_seasonal,MAR,xgboost,30,2,22.47286240196734,11.875158486346319,0.9250834739106848,7.840083099988988
hybrid_linear_seasonal,MAR,xgboost,30,3,22.45640777506843,11.87916409883851,0.9251931414878125,7.276949099992635
hybrid_linear_seasonal,MAR,xgboost,30,4,22.545697774064692,11.895644724775,0.9245970725406237,7.5862944000109565
hybrid_linear_seasonal,MAR,xgboost,30,5,22.570596824465795,11.916577474356204,0.924430433386073,7.0764981000102125
hybrid_linear_seasonal,MAR,xgboost,40,1,22.657621015763496,11.818758561761488,0.9238465712432918,7.209290600003442
hybrid_linear_seasonal,MAR,xgboost,40,2,22.5946490072464,11.835379921642852,0.9242692873157533,7.285248700005468
hybrid_linear_seasonal,MAR,xgboost,40,3,22.580672683133844,11.827559808529573,0.9243629475118333,7.102707499987446
hybrid_linear_seasonal,MAR,xgboost,40,4,22.558020239630604,11.819300137601589,0.924514626310543,7.364439300028607
hybrid_linear_seasonal,MAR,xgboost,40,5,22.49541794123014,11.836649708613576,0.92493301415927,7.6579958999936935
hybrid_linear_seasonal,MAR,xgboost,50,1,22.224376316478683,11.790833332199933,0.926731042919794,7.716774799977429
hybrid_linear_seasonal,MAR,xgboost,50,2,22.473586309104732,11.814633504907084,0.9250786473353728,8.10306490000221
hybrid_linear_seasonal,MAR,xgboost,50,3,22.379105303823557,11.827405039981787,0.9257072755379057,7.287218899989966
hybrid_linear_seasonal,MAR,xgboost,50,4,22.45760965602356,11.806824926402866,0.9251851338540493,7.320294699980877
hybrid_linear_seasonal,MAR,xgboost,50,5,22.335575544197955,11.81730928333686,0.9259960090873076,7.502500400005374
hybrid_linear_seasonal,MAR,lightgbm,10,1,22.606114359963488,12.128697875020267,0.9241924107393095,3.9181378000066616
hybrid_linear_seasonal,MAR,lightgbm,10,2,22.62709400220804,12.112442137002756,0.9240516387277257,4.620254600013141
hybrid_linear_seasonal,MAR,lightgbm,10,3,22.700129139359795,12.156774272762416,0.9235605592237878,3.8856837000057567
hybrid_linear_seasonal,MAR,lightgbm,10,4,22.711908095678364,12.14835209252474,0.9234812107382907,3.989073600008851
hybrid_linear_seasonal,MAR,lightgbm,10,5,22.7298629471445,12.16129536589911,0.9233601793788704,4.234023700002581
hybrid_linear_seasonal,MAR,lightgbm,20,1,22.496407456453067,12.027405703197772,0.924926410009117,4.2216726999904495
hybrid_linear_seasonal,MAR,lightgbm,20,2,22.6958004846918,12.029599059427074,0.9235897086962508,4.257877199997893
hybrid_linear_seasonal,MAR,lightgbm,20,3,22.53402294836809,12.014434921644076,0.9246751440305504,3.9179631999868434
hybrid_linear_seasonal,MAR,lightgbm,20,4,22.654026835262453,12.052519420218601,0.9238707297777893,4.729224199982127
hybrid_linear_seasonal,MAR,lightgbm,20,5,22.515105319166274,12.04137799489942,0.924801563494839,3.6806972000049427
hybrid_linear_seasonal,MAR,lightgbm,30,1,22.441047317696263,11.959047958679468,0.9252954440986931,4.270617000001948
hybrid_linear_seasonal,MAR,lightgbm,30,2,22.375366632181745,11.958486149847621,0.9257320962711109,3.9046145000029355
hybrid_linear_seasonal,MAR,lightgbm,30,3,22.427823376847858,11.938070685408395,0.9253834611636268,3.9357698999810964
hybrid_linear_seasonal,MAR,lightgbm,30,4,22.428674655793948,11.973780735600435,0.925377796708993,3.8871253000106663
hybrid_linear_seasonal,MAR,lightgbm,30,5,22.32399151638507,11.961920398765336,0.9260727514110816,4.410407200019108
hybrid_linear_seasonal,MAR,lightgbm,40,1,22.308768815160263,11.905678024019448,0.9261735388282252,5.515881200000877
hybrid_linear_seasonal,MAR,lightgbm,40,2,22.412580619444224,11.901862945943165,0.9254848508780573,4.5034603999811225
hybrid_linear_seasonal,MAR,lightgbm,40,3,22.300016744333973,11.872541586555027,0.9262314539626892,3.928883200016571
hybrid_linear_seasonal,MAR,lightgbm,40,4,22.33280180467367,11.905266588067091,0.9260143882912435,4.243243699980667
hybrid_linear_seasonal,MAR,lightgbm,40,5,22.27851473285234,11.879827870950288,0.9263736428620561,4.026186500006588
hybrid_linear_seasonal,MAR,lightgbm,50,1,22.241766153925685,11.877404851489118,0.9266163370023207,4.099374099983834
hybrid_linear_seasonal,MAR,lightgbm,50,2,22.23031303768823,11.910162543376458,0.9266918935225458,3.647452200006228
hybrid_linear_seasonal,MAR,lightgbm,50,3,22.275445225966948,11.900340096781958,0.9263939297657497,3.9660973999998532
hybrid_linear_seasonal,MAR,lightgbm,50,4,22.250023474603115,11.911995759194172,0.9265618390892981,3.8697761000075843
hybrid_linear_seasonal,MAR,lightgbm,50,5,22.09458437394961,11.86144106508779,0.9275843358454756,3.9459965999994893
