method,mechanism,model,slope_rmse_per_severity_point,intercept
temporal,MAR,lightgbm,-0.012784531866715021,22.795283973768505
hybrid_linear_seasonal,MAR,lightgbm,-0.011657265767836666,22.789405575827043
spatial,MAR,lightgbm,0.009303100213695622,22.66376102474058
spatiotemporal,MAR,lightgbm,0.014947181659587978,22.84314427237728
positive_matrix_factorization,MAR,lightgbm,0.024760154177206308,22.413963685469827
native,MAR,lightgbm,0.031579470384172546,22.495040551541923
saits,MAR,lightgbm,0.03775206669156122,22.62195821424602
hybrid_linear_seasonal,MCAR,lightgbm,-0.02588388651408166,22.86539803441653
temporal,MCAR,lightgbm,-0.024309895183795054,22.830844935447516
spatial,MCAR,lightgbm,0.006244506090777552,22.644923874788574
spatiotemporal,MCAR,lightgbm,0.012689224736298653,22.75760334358198
positive_matrix_factorization,MCAR,lightgbm,0.017076188725213028,22.584003644073114
native,MCAR,lightgbm,0.0272111430792279,22.666373504088515
saits,MCAR,lightgbm,0.03856242750528381,22.70075134590163
temporal,MAR,xgboost,-0.00980720534469622,22.837406294511915
hybrid_linear_seasonal,MAR,xgboost,-0.008193827640057431,22.81533356708585
spatial,MAR,xgboost,0.013062758143168651,22.71790183952709
spatiotemporal,MAR,xgboost,0.016490257218985126,22.814557549454598
positive_matrix_factorization,MAR,xgboost,0.028567788593506584,22.51676288603621
native,MAR,xgboost,0.030183297232453565,22.672023724028364
saits,MAR,xgboost,0.03720185415927969,22.751193551426628
temporal,MCAR,xgboost,-0.026505605084437115,23.048817859125624
hybrid_linear_seasonal,MCAR,xgboost,-0.026474106067230354,23.039455922760453
spatial,MCAR,xgboost,0.00643232656757637,22.794608371598883
spatiotemporal,MCAR,xgboost,0.011306575036021452,22.879551136980442
positive_matrix_factorization,MCAR,xgboost,0.017249286514904674,22.732888036129676
native,MCAR,xgboost,0.024178935545929477,22.874303130937587
saits,MCAR,xgboost,0.03545575102550566,22.96932234398636
