mechanism,severity,model,method,mean_rmse,std_rmse,native_mean_rmse,p_value_vs_native,significant_alpha_0.05,test
MCAR,10,xgboost,temporal,22.652071437359908,0.06457790510099994,23.06755939683927,1.862645149230957e-09,True,wilcoxon_signed_rank
MCAR,10,xgboost,spatial,22.889394636969396,0.06809502322082664,23.06755939683927,1.862645149230957e-09,True,wilcoxon_signed_rank
MCAR,10,xgboost,spatiotemporal,23.13022667179334,0.08602433702547084,23.06755939683927,0.001718590036034584,True,wilcoxon_signed_rank
MCAR,10,xgboost,saits,23.31415304110191,0.08934929406617016,23.06755939683927,3.725290298461914e-09,True,wilcoxon_signed_rank
MCAR,10,xgboost,positive_matrix_factorization,22.935599661243636,0.04920036708125399,23.06755939683927,1.30385160446167e-08,True,wilcoxon_signed_rank
MCAR,10,xgboost,hybrid_linear_seasonal,22.652071437359908,0.06457790510099994,23.06755939683927,1.862645149230957e-09,True,wilcoxon_signed_rank
MCAR,20,xgboost,temporal,22.636479620448533,0.09380243609216678,23.410773146995822,1.862645149230957e-09,True,wilcoxon_signed_rank
MCAR,20,xgboost,spatial,22.955979178872322,0.09215822748612919,23.410773146995822,1.862645149230957e-09,True,wilcoxon_signed_rank
MCAR,20,xgboost,spatiotemporal,23.103586643121087,0.07575585860859703,23.410773146995822,3.725290298461914e-09,True,wilcoxon_signed_rank
MCAR,20,xgboost,saits,23.765244658759453,0.09834551987974346,23.410773146995822,1.862645149230957e-09,True,wilcoxon_signed_rank
MCAR,20,xgboost,positive_matrix_factorization,23.099543145877785,0.07435615985391537,23.410773146995822,1.862645149230957e-09,True,wilcoxon_signed_rank
MCAR,20,xgboost,hybrid_linear_seasonal,22.62203628591436,0.0808384780858586,23.410773146995822,1.862645149230957e-09,True,wilcoxon_signed_rank
MCAR,30,xgboost,temporal,22.24554966586575,0.08345801991685448,23.51929937845747,1.862645149230957e-09,True,wilcoxon_signed_rank
MCAR,30,xgboost,spatial,22.865809491096876,0.08550354455768756,23.51929937845747,1.862645149230957e-09,True,wilcoxon_signed_rank
MCAR,30,xgboost,spatiotemporal,23.112276355315384,0.07371792201464517,23.51929937845747,1.862645149230957e-09,True,wilcoxon_signed_rank
MCAR,30,xgboost,saits,24.02106878853577,0.0689782628962528,23.51929937845747,1.862645149230957e-09,True,wilcoxon_signed_rank
MCAR,30,xgboost,positive_matrix_factorization,23.17625069369856,0.07395186182918057,23.51929937845747,1.862645149230957e-09,True,wilcoxon_signed_rank
MCAR,30,xgboost,hybrid_linear_seasonal,22.240345854040086,0.07610604024438741,23.51929937845747,1.862645149230957e-09,True,wilcoxon_signed_rank
MCAR,40,xgboost,temporal,22.013198962360494,0.08481875312306958,23.933738086738163,1.862645149230957e-09,True,wilcoxon_signed_rank
MCAR,40,xgboost,spatial,23.029157385599486,0.08340928535884849,23.933738086738163,1.862645149230957e-09,True,wilcoxon_signed_rank
MCAR,40,xgboost,spatiotemporal,23.33430377263068,0.06907693936489893,23.933738086738163,1.862645149230957e-09,True,wilcoxon_signed_rank
MCAR,40,xgboost,saits,24.11958488267571,0.08443132543604383,23.933738086738163,1.862645149230957e-09,True,wilcoxon_signed_rank
MCAR,40,xgboost,positive_matrix_factorization,23.37041708838317,0.06901600788907251,23.933738086738163,1.862645149230957e-09,True,wilcoxon_signed_rank
MCAR,40,xgboost,hybrid_linear_seasonal,22.01009700412175,0.08749495156197841,23.933738086738163,1.862645149230957e-09,True,wilcoxon_signed_rank
MCAR,50,xgboost,temporal,21.63621107665863,0.05644984241951636,24.04754192666869,1.862645149230957e-09,True,wilcoxon_signed_rank
MCAR,50,xgboost,spatial,23.157695645662805,0.07172690852245596,24.04754192666869,1.862645149230957e-09,True,wilcoxon_signed_rank
MCAR,50,xgboost,spatiotemporal,23.560163850181528,0.07787407526951384,24.04754192666869,1.862645149230957e-09,True,wilcoxon_signed_rank
MCAR,50,xgboost,saits,25.048737650495433,0.11727791919095848,24.04754192666869,1.862645149230957e-09,True,wilcoxon_signed_rank
MCAR,50,xgboost,positive_matrix_factorization,23.665488124137838,0.0802628726893161,24.04754192666869,1.862645149230957e-09,True,wilcoxon_signed_rank
MCAR,50,xgboost,hybrid_linear_seasonal,21.641914508215216,0.058973610060287486,24.04754192666869,1.862645149230957e-09,True,wilcoxon_signed_rank
MAR,10,xgboost,temporal,22.744477532892393,0.07519368768871951,23.0207330720038,1.862645149230957e-09,True,wilcoxon_signed_rank
MAR,10,xgboost,spatial,22.91753638838868,0.07563851053606468,23.0207330720038,5.973502993583679e-06,True,wilcoxon_signed_rank
MAR,10,xgboost,spatiotemporal,23.03560326924775,0.09989601650502998,23.0207330720038,0.4771064817905426,False,wilcoxon_signed_rank
MAR,10,xgboost,saits,23.17285704772738,0.07418330567625074,23.0207330720038,2.7623027563095093e-06,True,wilcoxon_signed_rank
MAR,10,xgboost,positive_matrix_factorization,22.963521990536716,0.08314722992930239,23.0207330720038,0.0050126127898693085,True,wilcoxon_signed_rank
MAR,10,xgboost,hybrid_linear_seasonal,22.773956909784665,0.060498187680548925,23.0207330720038,3.725290298461914e-09,True,wilcoxon_signed_rank
MAR,20,xgboost,temporal,22.609913763421876,0.0912185843987136,23.220006961126238,1.862645149230957e-09,True,wilcoxon_signed_rank
MAR,20,xgboost,spatial,23.00219665930992,0.07687551262809275,23.220006961126238,1.862645149230957e-08,True,wilcoxon_signed_rank
MAR,20,xgboost,spatiotemporal,23.191048084525953,0.07924874586621443,23.220006961126238,0.11417667381465435,False,wilcoxon_signed_rank
MAR,20,xgboost,saits,23.559922640719112,0.08156481751568795,23.220006961126238,1.862645149230957e-09,True,wilcoxon_signed_rank
MAR,20,xgboost,positive_matrix_factorization,22.98492774114001,0.09846990101511245,23.220006961126238,2.60770320892334e-08,True,wilcoxon_signed_rank
MAR,20,xgboost,hybrid_linear_seasonal,22.619562288845156,0.08351505567429908,23.220006961126238,1.862645149230957e-09,True,wilcoxon_signed_rank
MAR,30,xgboost,temporal,22.50507976741597,0.09084890653453553,23.470245720827826,1.862645149230957e-09,True,wilcoxon_signed_rank
MAR,30,xgboost,spatial,23.04055845436728,0.07728516460908559,23.470245720827826,1.862645149230957e-09,True,wilcoxon_signed_rank
MAR,30,xgboost,spatiotemporal,23.224540130855637,0.07763206836069816,23.470245720827826,1.862645149230957e-09,True,wilcoxon_signed_rank
MAR,30,xgboost,saits,23.65782691934113,0.07372678434656628,23.470245720827826,2.60770320892334e-08,True,wilcoxon_signed_rank
MAR,30,xgboost,positive_matrix_factorization,23.24505945759266,0.0824398297859253,23.470245720827826,1.862645149230957e-08,True,wilcoxon_signed_rank
MAR,30,xgboost,hybrid_linear_seasonal,22.52610556327285,0.06700248013506821,23.470245720827826,1.862645149230957e-09,True,wilcoxon_signed_rank
MAR,40,xgboost,temporal,22.533024309028335,0.07798508499166411,23.923516220389,1.862645149230957e-09,True,wilcoxon_signed_rank
MAR,40,xgboost,spatial,23.11922259408552,0.08946733515164085,23.923516220389,1.862645149230957e-09,True,wilcoxon_signed_rank
MAR,40,xgboost,spatiotemporal,23.52703476923251,0.08286554606006587,23.923516220389,1.862645149230957e-09,True,wilcoxon_signed_rank
MAR,40,xgboost,saits,24.411536101352976,0.08676024215430057,23.923516220389,1.862645149230957e-09,True,wilcoxon_signed_rank
MAR,40,xgboost,positive_matrix_factorization,23.615657761956125,0.08625559249458278,23.923516220389,1.862645149230957e-09,True,wilcoxon_signed_rank
MAR,40,xgboost,hybrid_linear_seasonal,22.548393286691798,0.06836766177014816,23.923516220389,1.862645149230957e-09,True,wilcoxon_signed_rank
MAR,50,xgboost,temporal,22.32430249668014,0.13219819083980666,24.24806151237344,1.862645149230957e-09,True,wilcoxon_signed_rank
MAR,50,xgboost,spatial,23.463847046100405,0.08999260088106488,24.24806151237344,1.862645149230957e-09,True,wilcoxon_signed_rank
MAR,50,xgboost,spatiotemporal,23.6857617962357,0.0799987534360872,24.24806151237344,1.862645149230957e-09,True,wilcoxon_signed_rank
MAR,50,xgboost,saits,24.619826930705393,0.11149698710589886,24.24806151237344,1.862645149230957e-09,True,wilcoxon_signed_rank
MAR,50,xgboost,positive_matrix_factorization,24.026688278498195,0.0853763054472478,24.24806151237344,3.725290298461914e-09,True,wilcoxon_signed_rank
MAR,50,xgboost,hybrid_linear_seasonal,22.39685144384839,0.09976177034551388,24.24806151237344,1.862645149230957e-09,True,wilcoxon_signed_rank
MCAR,10,lightgbm,temporal,22.593024893424417,0.06782359129470575,22.95703462441671,1.862645149230957e-09,True,wilcoxon_signed_rank
MCAR,10,lightgbm,spatial,22.764385849436994,0.07077974500062512,22.95703462441671,1.862645149230957e-09,True,wilcoxon_signed_rank
MCAR,10,lightgbm,spatiotemporal,23.02387656326929,0.08801324394118984,22.95703462441671,0.00012333691120147705,True,wilcoxon_signed_rank
MCAR,10,lightgbm,saits,23.175722664679792,0.08032163477617509,22.95703462441671,1.862645149230957e-09,True,wilcoxon_signed_rank
MCAR,10,lightgbm,positive_matrix_factorization,22.835504003376595,0.07219710921551109,22.95703462441671,9.313225746154785e-09,True,wilcoxon_signed_rank
MCAR,10,lightgbm,hybrid_linear_seasonal,22.593024893424417,0.06782359129470575,22.95703462441671,1.862645149230957e-09,True,wilcoxon_signed_rank
MCAR,20,lightgbm,temporal,22.42273630866906,0.062268538908770564,23.248344895871973,1.862645149230957e-09,True,wilcoxon_signed_rank
MCAR,20,lightgbm,spatial,22.82327761730679,0.08185548663352538,23.248344895871973,1.862645149230957e-09,True,wilcoxon_signed_rank
MCAR,20,lightgbm,spatiotemporal,23.016181149438548,0.06810643671339743,23.248344895871973,1.862645149230957e-09,True,wilcoxon_signed_rank
MCAR,20,lightgbm,saits,23.601877998305135,0.07918935041860004,23.248344895871973,1.862645149230957e-09,True,wilcoxon_signed_rank
MCAR,20,lightgbm,positive_matrix_factorization,22.937770450964084,0.06274245362917905,23.248344895871973,1.862645149230957e-09,True,wilcoxon_signed_rank
MCAR,20,lightgbm,hybrid_linear_seasonal,22.431466088920953,0.06058210747985687,23.248344895871973,1.862645149230957e-09,True,wilcoxon_signed_rank
MCAR,30,lightgbm,temporal,22.113239069931975,0.07912614906468916,23.45772513842699,1.862645149230957e-09,True,wilcoxon_signed_rank
MCAR,30,lightgbm,spatial,22.783011417995304,0.062172514923610686,23.45772513842699,1.862645149230957e-09,True,wilcoxon_signed_rank
MCAR,30,lightgbm,spatiotemporal,23.102779706943412,0.07348614756073747,23.45772513842699,1.862645149230957e-09,True,wilcoxon_signed_rank
MCAR,30,lightgbm,saits,23.820537002864267,0.06319581925587052,23.45772513842699,1.862645149230957e-09,True,wilcoxon_signed_rank
MCAR,30,lightgbm,positive_matrix_factorization,23.033576853623583,0.07330502538869625,23.45772513842699,1.862645149230957e-09,True,wilcoxon_signed_rank
MCAR,30,lightgbm,hybrid_linear_seasonal,22.1090813460868,0.06249380088212524,23.45772513842699,1.862645149230957e-09,True,wilcoxon_signed_rank
MCAR,40,lightgbm,temporal,21.872721537924015,0.05213035110317914,23.877421303372124,1.862645149230957e-09,True,wilcoxon_signed_rank
MCAR,40,lightgbm,spatial,22.917925376243513,0.057182918438481924,23.877421303372124,1.862645149230957e-09,True,wilcoxon_signed_rank
MCAR,40,lightgbm,spatiotemporal,23.262150171710367,0.07313539344672389,23.877421303372124,1.862645149230957e-09,True,wilcoxon_signed_rank
MCAR,40,lightgbm,saits,24.06355218257232,0.10053880869147926,23.877421303372124,9.313225746154785e-09,True,wilcoxon_signed_rank
MCAR,40,lightgbm,positive_matrix_factorization,23.279636033328664,0.0691653223684098,23.877421303372124,1.862645149230957e-09,True,wilcoxon_signed_rank
MCAR,40,lightgbm,hybrid_linear_seasonal,21.896025025747356,0.05158083274589198,23.877421303372124,1.862645149230957e-09,True,wilcoxon_signed_rank
MCAR,50,lightgbm,temporal,21.52784133550027,0.0508264863677888,23.937662708516743,1.862645149230957e-09,True,wilcoxon_signed_rank
MCAR,50,lightgbm,spatial,23.022909619746677,0.07809110191634186,23.937662708516743,1.862645149230957e-09,True,wilcoxon_signed_rank
MCAR,50,lightgbm,spatiotemporal,23.51963944724237,0.0720075828726337,23.937662708516743,1.862645149230957e-09,True,wilcoxon_signed_rank
MCAR,50,lightgbm,saits,24.85429835313114,0.08027696521296124,23.937662708516743,1.862645149230957e-09,True,wilcoxon_signed_rank
MCAR,50,lightgbm,positive_matrix_factorization,23.526928346274293,0.06367002536892666,23.937662708516743,1.862645149230957e-09,True,wilcoxon_signed_rank
MCAR,50,lightgbm,hybrid_linear_seasonal,21.533898817581818,0.056536276964451064,23.937662708516743,1.862645149230957e-09,True,wilcoxon_signed_rank
MAR,10,lightgbm,temporal,22.66086053347631,0.06551910133162245,22.892487280725774,1.862645149230957e-09,True,wilcoxon_signed_rank
MAR,10,lightgbm,spatial,22.823573307758984,0.06504433483233499,22.892487280725774,1.597777009010315e-05,True,wilcoxon_signed_rank
MAR,10,lightgbm,spatiotemporal,23.026329978950272,0.07185628330832411,22.892487280725774,9.313225746154785e-09,True,wilcoxon_signed_rank
MAR,10,lightgbm,saits,23.009835276580393,0.060182226670829855,22.892487280725774,3.725290298461914e-09,True,wilcoxon_signed_rank
MAR,10,lightgbm,positive_matrix_factorization,22.83769862612272,0.06615906003933705,22.892487280725774,8.856505155563354e-05,True,wilcoxon_signed_rank
MAR,10,lightgbm,hybrid_linear_seasonal,22.692660060724915,0.0679526404005015,22.892487280725774,1.862645149230957e-09,True,wilcoxon_signed_rank
MAR,20,lightgbm,temporal,22.56230034492656,0.06302545031822096,23.164192866379665,1.862645149230957e-09,True,wilcoxon_signed_rank
MAR,20,lightgbm,spatial,22.83355163071127,0.06333116967484465,23.164192866379665,1.862645149230957e-09,True,wilcoxon_signed_rank
MAR,20,lightgbm,spatiotemporal,23.22770588444006,0.06997521568442559,23.164192866379665,4.968419671058655e-05,True,wilcoxon_signed_rank
MAR,20,lightgbm,saits,23.4891344958162,0.08195580036553214,23.164192866379665,1.862645149230957e-09,True,wilcoxon_signed_rank
MAR,20,lightgbm,positive_matrix_factorization,22.8739584194724,0.06736660323239303,23.164192866379665,1.862645149230957e-09,True,wilcoxon_signed_rank
MAR,20,lightgbm,hybrid_linear_seasonal,22.59907348593206,0.07432893463470086,23.164192866379665,1.862645149230957e-09,True,wilcoxon_signed_rank
MAR,30,lightgbm,temporal,22.328817831086926,0.04966687162855447,23.366657064096035,1.862645149230957e-09,True,wilcoxon_signed_rank
MAR,30,lightgbm,spatial,22.927334987993895,0.06641505945683746,23.366657064096035,1.862645149230957e-09,True,wilcoxon_signed_rank
MAR,30,lightgbm,spatiotemporal,23.250801806335968,0.08776768678451155,23.366657064096035,1.4193356037139893e-06,True,wilcoxon_signed_rank
MAR,30,lightgbm,saits,23.705356871127144,0.07780361679754336,23.366657064096035,1.862645149230957e-09,True,wilcoxon_signed_rank
MAR,30,lightgbm,positive_matrix_factorization,23.06562090264167,0.07261868808913748,23.366657064096035,1.862645149230957e-09,True,wilcoxon_signed_rank
MAR,30,lightgbm,hybrid_linear_seasonal,22.37470300555849,0.07573541321092547,23.366657064096035,1.862645149230957e-09,True,wilcoxon_signed_rank
MAR,40,lightgbm,temporal,22.357533931794283,0.07788224618940745,23.77554968275066,1.862645149230957e-09,True,wilcoxon_signed_rank
MAR,40,lightgbm,spatial,22.969632830350374,0.06487908690946131,23.77554968275066,1.862645149230957e-09,True,wilcoxon_signed_rank
MAR,40,lightgbm,spatiotemporal,23.43990904476489,0.07508802592745505,23.77554968275066,1.862645149230957e-09,True,wilcoxon_signed_rank
MAR,40,lightgbm,saits,24.285915039072442,0.08686332945940667,23.77554968275066,1.862645149230957e-09,True,wilcoxon_signed_rank
MAR,40,lightgbm,positive_matrix_factorization,23.4066454303952,0.0868579415221976,23.77554968275066,1.862645149230957e-09,True,wilcoxon_signed_rank
MAR,40,lightgbm,hybrid_linear_seasonal,22.375797971002996,0.0721420832638318,23.77554968275066,1.862645149230957e-09,True,wilcoxon_signed_rank
MAR,50,lightgbm,temporal,22.150500401032573,0.05577948809362454,24.10682934883004,1.862645149230957e-09,True,wilcoxon_signed_rank
MAR,50,lightgbm,spatial,23.280306202485537,0.06613457592759567,24.10682934883004,1.862645149230957e-09,True,wilcoxon_signed_rank
MAR,50,lightgbm,spatiotemporal,23.643421828478985,0.07366385535514025,24.10682934883004,1.862645149230957e-09,True,wilcoxon_signed_rank
MAR,50,lightgbm,saits,24.459277273450994,0.09500111577525364,24.10682934883004,1.862645149230957e-09,True,wilcoxon_signed_rank
MAR,50,lightgbm,positive_matrix_factorization,23.808486065492378,0.05796284840187488,24.10682934883004,1.862645149230957e-09,True,wilcoxon_signed_rank
MAR,50,lightgbm,hybrid_linear_seasonal,22.236460689684783,0.06349923575595764,24.10682934883004,1.862645149230957e-09,True,wilcoxon_signed_rank
