model,mechanism,severity,method_a,method_b,n_pairs,mean_difference_rmse_a_minus_b,ci95_lower,ci95_upper,paired_cohens_dz,direction,raw_p_value,bonferroni_p_value_local_3,significant_local_alpha_0.05,test,bonferroni_p_value_global_60,holm_p_value_global_60,significant_global_holm_alpha_0.05
xgboost,MCAR,10,temporal,spatial,30,-0.23732319960949438,-0.26956376067146265,-0.2050826385475261,-2.7486475486243482,temporal_lower_rmse,1.862645149230957e-09,5.587935447692871e-09,True,wilcoxon_signed_rank,1.1175870895385742e-07,1.1175870895385742e-07,True
xgboost,MCAR,10,temporal,spatiotemporal,30,-0.4781552344334369,-0.5173254307357696,-0.4389850381311041,-4.558213022022054,temporal_lower_rmse,1.862645149230957e-09,5.587935447692871e-09,True,wilcoxon_signed_rank,1.1175870895385742e-07,1.1175870895385742e-07,True
xgboost,MCAR,10,spatial,spatiotemporal,30,-0.24083203482394247,-0.2754817315407463,-0.20618233810713865,-2.595352001669578,spatial_lower_rmse,1.862645149230957e-09,5.587935447692871e-09,True,wilcoxon_signed_rank,1.1175870895385742e-07,1.1175870895385742e-07,True
xgboost,MCAR,20,temporal,spatial,30,-0.31949955842379035,-0.36039708683976734,-0.27860203000781336,-2.9171223892429534,temporal_lower_rmse,1.862645149230957e-09,5.587935447692871e-09,True,wilcoxon_signed_rank,1.1175870895385742e-07,1.1175870895385742e-07,True
xgboost,MCAR,20,temporal,spatiotemporal,30,-0.46710702267255433,-0.5112576231098489,-0.42295642223525975,-3.950583390965651,temporal_lower_rmse,1.862645149230957e-09,5.587935447692871e-09,True,wilcoxon_signed_rank,1.1175870895385742e-07,1.1175870895385742e-07,True
xgboost,MCAR,20,spatial,spatiotemporal,30,-0.147607464248764,-0.1939723375767873,-0.1012425909207407,-1.188777818756098,spatial_lower_rmse,3.1478703022003174e-07,9.443610906600952e-07,True,wilcoxon_signed_rank,1.8887221813201904e-05,6.295740604400635e-07,True
xgboost,MCAR,30,temporal,spatial,30,-0.6202598252311344,-0.6644860566645405,-0.5760335937977283,-5.236910711566247,temporal_lower_rmse,1.862645149230957e-09,5.587935447692871e-09,True,wilcoxon_signed_rank,1.1175870895385742e-07,1.1175870895385742e-07,True
xgboost,MCAR,30,temporal,spatiotemporal,30,-0.8667266894496394,-0.9009944038211031,-0.8324589750781757,-9.444489388006502,temporal_lower_rmse,1.862645149230957e-09,5.587935447692871e-09,True,wilcoxon_signed_rank,1.1175870895385742e-07,1.1175870895385742e-07,True
xgboost,MCAR,30,spatial,spatiotemporal,30,-0.24646686421850497,-0.2809311700975805,-0.21200255833942944,-2.6703639391324887,spatial_lower_rmse,3.725290298461914e-09,1.1175870895385742e-08,True,wilcoxon_signed_rank,2.2351741790771484e-07,1.1175870895385742e-07,True
xgboost,MCAR,40,temporal,spatial,30,-1.0159584232389949,-1.058901439573603,-0.9730154069043868,-8.834151447875605,temporal_lower_rmse,1.862645149230957e-09,5.587935447692871e-09,True,wilcoxon_signed_rank,1.1175870895385742e-07,1.1175870895385742e-07,True
xgboost,MCAR,40,temporal,spatiotemporal,30,-1.3211048102701852,-1.355629025099326,-1.2865805954410445,-14.288772268881514,temporal_lower_rmse,1.862645149230957e-09,5.587935447692871e-09,True,wilcoxon_signed_rank,1.1175870895385742e-07,1.1175870895385742e-07,True
xgboost,MCAR,40,spatial,spatiotemporal,30,-0.3051463870311901,-0.33495131990798294,-0.2753414541543973,-3.822975679832151,spatial_lower_rmse,1.862645149230957e-09,5.587935447692871e-09,True,wilcoxon_signed_rank,1.1175870895385742e-07,1.1175870895385742e-07,True
xgboost,MCAR,50,temporal,spatial,30,-1.5214845690041874,-1.5540240528671108,-1.488945085141264,-17.45976295881775,temporal_lower_rmse,1.862645149230957e-09,5.587935447692871e-09,True,wilcoxon_signed_rank,1.1175870895385742e-07,1.1175870895385742e-07,True
xgboost,MCAR,50,temporal,spatiotemporal,30,-1.9239527735228956,-1.9528290432451898,-1.8950765038006014,-24.879105901672514,temporal_lower_rmse,1.862645149230957e-09,5.587935447692871e-09,True,wilcoxon_signed_rank,1.1175870895385742e-07,1.1175870895385742e-07,True
xgboost,MCAR,50,spatial,spatiotemporal,30,-0.4024682045187088,-0.4410481429972318,-0.3638882660401858,-3.895394947323759,spatial_lower_rmse,1.862645149230957e-09,5.587935447692871e-09,True,wilcoxon_signed_rank,1.1175870895385742e-07,1.1175870895385742e-07,True
xgboost,MAR,10,temporal,spatial,30,-0.17305885549628938,-0.20572278243507625,-0.14039492855750252,-1.978367107658237,temporal_lower_rmse,5.587935447692871e-09,1.6763806343078613e-08,True,wilcoxon_signed_rank,3.3527612686157227e-07,1.1175870895385742e-07,True
xgboost,MAR,10,temporal,spatiotemporal,30,-0.2911257363553633,-0.319675673272108,-0.26257579943861864,-3.8076489219685605,temporal_lower_rmse,1.862645149230957e-09,5.587935447692871e-09,True,wilcoxon_signed_rank,1.1175870895385742e-07,1.1175870895385742e-07,True
xgboost,MAR,10,spatial,spatiotemporal,30,-0.11806688085907394,-0.15111545082577305,-0.08501831089237481,-1.334003193030414,spatial_lower_rmse,3.1478703022003174e-07,9.443610906600952e-07,True,wilcoxon_signed_rank,1.8887221813201904e-05,6.295740604400635e-07,True
xgboost,MAR,20,temporal,spatial,30,-0.3922828958880512,-0.43295258247703994,-0.3516132092990625,-3.6017204201789155,temporal_lower_rmse,1.862645149230957e-09,5.587935447692871e-09,True,wilcoxon_signed_rank,1.1175870895385742e-07,1.1175870895385742e-07,True
xgboost,MAR,20,temporal,spatiotemporal,30,-0.5811343211040875,-0.6204586799925846,-0.5418099622155903,-5.518185875485272,temporal_lower_rmse,1.862645149230957e-09,5.587935447692871e-09,True,wilcoxon_signed_rank,1.1175870895385742e-07,1.1175870895385742e-07,True
xgboost,MAR,20,spatial,spatiotemporal,30,-0.18885142521603626,-0.22321541013999696,-0.15448744029207556,-2.0520984765655523,spatial_lower_rmse,3.725290298461914e-09,1.1175870895385742e-08,True,wilcoxon_signed_rank,2.2351741790771484e-07,1.1175870895385742e-07,True
xgboost,MAR,30,temporal,spatial,30,-0.5354786869513096,-0.5731814975069471,-0.4977758763956721,-5.303345423432654,temporal_lower_rmse,1.862645149230957e-09,5.587935447692871e-09,True,wilcoxon_signed_rank,1.1175870895385742e-07,1.1175870895385742e-07,True
xgboost,MAR,30,temporal,spatiotemporal,30,-0.7194603634396675,-0.756696643111618,-0.6822240837677169,-7.214762517345547,temporal_lower_rmse,1.862645149230957e-09,5.587935447692871e-09,True,wilcoxon_signed_rank,1.1175870895385742e-07,1.1175870895385742e-07,True
xgboost,MAR,30,spatial,spatiotemporal,30,-0.18398167648835784,-0.21753747890044478,-0.1504258740762709,-2.04733256585902,spatial_lower_rmse,1.862645149230957e-09,5.587935447692871e-09,True,wilcoxon_signed_rank,1.1175870895385742e-07,1.1175870895385742e-07,True
xgboost,MAR,40,temporal,spatial,30,-0.586198285057192,-0.6286845695057919,-0.543712000608592,-5.152016464566203,temporal_lower_rmse,1.862645149230957e-09,5.587935447692871e-09,True,wilcoxon_signed_rank,1.1175870895385742e-07,1.1175870895385742e-07,True
xgboost,MAR,40,temporal,spatiotemporal,30,-0.994010460204189,-1.033037015817029,-0.9549839045913491,-9.510693424347979,temporal_lower_rmse,1.862645149230957e-09,5.587935447692871e-09,True,wilcoxon_signed_rank,1.1175870895385742e-07,1.1175870895385742e-07,True
xgboost,MAR,40,spatial,spatiotemporal,30,-0.4078121751469971,-0.4521697068999379,-0.36345464339405625,-3.4330036597327576,spatial_lower_rmse,1.862645149230957e-09,5.587935447692871e-09,True,wilcoxon_signed_rank,1.1175870895385742e-07,1.1175870895385742e-07,True
xgboost,MAR,50,temporal,spatial,30,-1.1395445494202667,-1.1921904909718233,-1.0868986078687102,-8.082539989261365,temporal_lower_rmse,1.862645149230957e-09,5.587935447692871e-09,True,wilcoxon_signed_rank,1.1175870895385742e-07,1.1175870895385742e-07,True
xgboost,MAR,50,temporal,spatiotemporal,30,-1.3614592995555639,-1.4169514456319832,-1.3059671534791446,-9.161247011429982,temporal_lower_rmse,1.862645149230957e-09,5.587935447692871e-09,True,wilcoxon_signed_rank,1.1175870895385742e-07,1.1175870895385742e-07,True
xgboost,MAR,50,spatial,spatiotemporal,30,-0.22191475013529746,-0.2673872642344216,-0.17644223603617332,-1.8222948781109194,spatial_lower_rmse,9.313225746154785e-09,2.7939677238464355e-08,True,wilcoxon_signed_rank,5.587935447692871e-07,1.1175870895385742e-07,True
lightgbm,MCAR,10,temporal,spatial,30,-0.1713609560125658,-0.19567362213411113,-0.14704828989102045,-2.631847624441436,temporal_lower_rmse,1.862645149230957e-09,5.587935447692871e-09,True,wilcoxon_signed_rank,1.1175870895385742e-07,1.1175870895385742e-07,True
lightgbm,MCAR,10,temporal,spatiotemporal,30,-0.4308516698448591,-0.4592481487587432,-0.40245519093097504,-5.665584738179771,temporal_lower_rmse,1.862645149230957e-09,5.587935447692871e-09,True,wilcoxon_signed_rank,1.1175870895385742e-07,1.1175870895385742e-07,True
lightgbm,MCAR,10,spatial,spatiotemporal,30,-0.25949071383229333,-0.2918688829088863,-0.22711254475570036,-2.9926159427824657,spatial_lower_rmse,1.862645149230957e-09,5.587935447692871e-09,True,wilcoxon_signed_rank,1.1175870895385742e-07,1.1175870895385742e-07,True
lightgbm,MCAR,20,temporal,spatial,30,-0.400541308637725,-0.42877179364723406,-0.372310823628216,-5.297981335427574,temporal_lower_rmse,1.862645149230957e-09,5.587935447692871e-09,True,wilcoxon_signed_rank,1.1175870895385742e-07,1.1175870895385742e-07,True
lightgbm,MCAR,20,temporal,spatiotemporal,30,-0.5934448407694867,-0.6221737764075227,-0.5647159051314506,-7.713336413249328,temporal_lower_rmse,1.862645149230957e-09,5.587935447692871e-09,True,wilcoxon_signed_rank,1.1175870895385742e-07,1.1175870895385742e-07,True
lightgbm,MCAR,20,spatial,spatiotemporal,30,-0.19290353213176167,-0.2156176365191371,-0.17018942774438625,-3.171217384223542,spatial_lower_rmse,1.862645149230957e-09,5.587935447692871e-09,True,wilcoxon_signed_rank,1.1175870895385742e-07,1.1175870895385742e-07,True
lightgbm,MCAR,30,temporal,spatial,30,-0.6697723480633336,-0.7006960595794534,-0.6388486365472139,-8.087551355773115,temporal_lower_rmse,1.862645149230957e-09,5.587935447692871e-09,True,wilcoxon_signed_rank,1.1175870895385742e-07,1.1175870895385742e-07,True
lightgbm,MCAR,30,temporal,spatiotemporal,30,-0.9895406370114357,-1.0239215710735279,-0.9551597029493436,-10.747251536688045,temporal_lower_rmse,1.862645149230957e-09,5.587935447692871e-09,True,wilcoxon_signed_rank,1.1175870895385742e-07,1.1175870895385742e-07,True
lightgbm,MCAR,30,spatial,spatiotemporal,30,-0.319768288948102,-0.3499249293000674,-0.2896116485961366,-3.9594411061800074,spatial_lower_rmse,1.862645149230957e-09,5.587935447692871e-09,True,wilcoxon_signed_rank,1.1175870895385742e-07,1.1175870895385742e-07,True
lightgbm,MCAR,40,temporal,spatial,30,-1.045203838319498,-1.0717665817739666,-1.0186410948650293,-14.692967541572353,temporal_lower_rmse,1.862645149230957e-09,5.587935447692871e-09,True,wilcoxon_signed_rank,1.1175870895385742e-07,1.1175870895385742e-07,True
lightgbm,MCAR,40,temporal,spatiotemporal,30,-1.389428633786353,-1.4185221375718724,-1.3603351300008337,-17.832887446904202,temporal_lower_rmse,1.862645149230957e-09,5.587935447692871e-09,True,wilcoxon_signed_rank,1.1175870895385742e-07,1.1175870895385742e-07,True
lightgbm,MCAR,40,spatial,spatiotemporal,30,-0.3442247954668551,-0.3740168496733215,-0.31443274126038867,-4.314427268453568,spatial_lower_rmse,1.862645149230957e-09,5.587935447692871e-09,True,wilcoxon_signed_rank,1.1175870895385742e-07,1.1175870895385742e-07,True
lightgbm,MCAR,50,temporal,spatial,30,-1.4950682842464078,-1.5329411526348846,-1.457195415857931,-14.740570122221595,temporal_lower_rmse,1.862645149230957e-09,5.587935447692871e-09,True,wilcoxon_signed_rank,1.1175870895385742e-07,1.1175870895385742e-07,True
lightgbm,MCAR,50,temporal,spatiotemporal,30,-1.9917981117421015,-2.022250212559688,-1.961346010924515,-24.423590430193634,temporal_lower_rmse,1.862645149230957e-09,5.587935447692871e-09,True,wilcoxon_signed_rank,1.1175870895385742e-07,1.1175870895385742e-07,True
lightgbm,MCAR,50,spatial,spatiotemporal,30,-0.496729827495693,-0.5222467998880981,-0.47121285510328786,-7.268964477654534,spatial_lower_rmse,1.862645149230957e-09,5.587935447692871e-09,True,wilcoxon_signed_rank,1.1175870895385742e-07,1.1175870895385742e-07,True
lightgbm,MAR,10,temporal,spatial,30,-0.1627127742826744,-0.18728402074085293,-0.13814152782449585,-2.472725531018508,temporal_lower_rmse,1.862645149230957e-09,5.587935447692871e-09,True,wilcoxon_signed_rank,1.1175870895385742e-07,1.1175870895385742e-07,True
lightgbm,MAR,10,temporal,spatiotemporal,30,-0.3654694454739615,-0.39528595650643417,-0.3356529344414888,-4.576945088878154,temporal_lower_rmse,1.862645149230957e-09,5.587935447692871e-09,True,wilcoxon_signed_rank,1.1175870895385742e-07,1.1175870895385742e-07,True
lightgbm,MAR,10,spatial,spatiotemporal,30,-0.20275667119128707,-0.23107675809552167,-0.17443658428705247,-2.673388169587508,spatial_lower_rmse,3.725290298461914e-09,1.1175870895385742e-08,True,wilcoxon_signed_rank,2.2351741790771484e-07,1.1175870895385742e-07,True
lightgbm,MAR,20,temporal,spatial,30,-0.2712512857847076,-0.297045153431074,-0.24545741813834115,-3.926781981832929,temporal_lower_rmse,1.862645149230957e-09,5.587935447692871e-09,True,wilcoxon_signed_rank,1.1175870895385742e-07,1.1175870895385742e-07,True
lightgbm,MAR,20,temporal,spatiotemporal,30,-0.6654055395135011,-0.6897452963333016,-0.6410657826937006,-10.208257778691008,temporal_lower_rmse,1.862645149230957e-09,5.587935447692871e-09,True,wilcoxon_signed_rank,1.1175870895385742e-07,1.1175870895385742e-07,True
lightgbm,MAR,20,spatial,spatiotemporal,30,-0.3941542537287936,-0.42379453727698024,-0.36451397018060694,-4.965526626368762,spatial_lower_rmse,1.862645149230957e-09,5.587935447692871e-09,True,wilcoxon_signed_rank,1.1175870895385742e-07,1.1175870895385742e-07,True
lightgbm,MAR,30,temporal,spatial,30,-0.5985171569069775,-0.6224118153099262,-0.5746224985040288,-9.353135565917823,temporal_lower_rmse,1.862645149230957e-09,5.587935447692871e-09,True,wilcoxon_signed_rank,1.1175870895385742e-07,1.1175870895385742e-07,True
lightgbm,MAR,30,temporal,spatiotemporal,30,-0.9219839752490457,-0.9516480088969115,-0.89231994160118,-11.605787615986998,temporal_lower_rmse,1.862645149230957e-09,5.587935447692871e-09,True,wilcoxon_signed_rank,1.1175870895385742e-07,1.1175870895385742e-07,True
lightgbm,MAR,30,spatial,spatiotemporal,30,-0.3234668183420683,-0.35576933090684076,-0.29116430577729585,-3.739167185968919,spatial_lower_rmse,1.862645149230957e-09,5.587935447692871e-09,True,wilcoxon_signed_rank,1.1175870895385742e-07,1.1175870895385742e-07,True
lightgbm,MAR,40,temporal,spatial,30,-0.6120988985560883,-0.6377009507006752,-0.5864968464115015,-8.927467366011227,temporal_lower_rmse,1.862645149230957e-09,5.587935447692871e-09,True,wilcoxon_signed_rank,1.1175870895385742e-07,1.1175870895385742e-07,True
lightgbm,MAR,40,temporal,spatiotemporal,30,-1.082375112970602,-1.1128243838407428,-1.0519258421004614,-13.273405172200707,temporal_lower_rmse,1.862645149230957e-09,5.587935447692871e-09,True,wilcoxon_signed_rank,1.1175870895385742e-07,1.1175870895385742e-07,True
lightgbm,MAR,40,spatial,spatiotemporal,30,-0.47027621441451367,-0.4974689538496892,-0.44308347497933814,-6.457754094704871,spatial_lower_rmse,1.862645149230957e-09,5.587935447692871e-09,True,wilcoxon_signed_rank,1.1175870895385742e-07,1.1175870895385742e-07,True
lightgbm,MAR,50,temporal,spatial,30,-1.1298058014529666,-1.1623825744839964,-1.0972290284219368,-12.950221288204261,temporal_lower_rmse,1.862645149230957e-09,5.587935447692871e-09,True,wilcoxon_signed_rank,1.1175870895385742e-07,1.1175870895385742e-07,True
lightgbm,MAR,50,temporal,spatiotemporal,30,-1.4929214274464078,-1.5251946824670266,-1.460648172425789,-17.273312603578283,temporal_lower_rmse,1.862645149230957e-09,5.587935447692871e-09,True,wilcoxon_signed_rank,1.1175870895385742e-07,1.1175870895385742e-07,True
lightgbm,MAR,50,spatial,spatiotemporal,30,-0.36311562599344094,-0.39562004959121605,-0.3306112023956658,-4.171420012751462,spatial_lower_rmse,1.862645149230957e-09,5.587935447692871e-09,True,wilcoxon_signed_rank,1.1175870895385742e-07,1.1175870895385742e-07,True
