method,mechanism,model,monotonic_increasing,severity_deltas
hybrid_linear_seasonal,MAR,lightgbm,False,"[-0.0935865747928517, -0.22437048037357243, 0.0010949654445049362, -0.1393372813182019]"
hybrid_linear_seasonal,MAR,xgboost,False,"[-0.15439462093951306, -0.0934567255722989, 0.022287723418944694, -0.151541842843411]"
hybrid_linear_seasonal,MCAR,lightgbm,False,"[-0.16155880450347126, -0.32238474283415286, -0.21305632033944377, -0.3621262081655381]"
hybrid_linear_seasonal,MCAR,xgboost,False,"[-0.030035151445545694, -0.38169043187427576, -0.2302488499183326, -0.36818249590653807]"
native,MAR,lightgbm,True,"[0.271705585653887, 0.20246419771637036, 0.40889261865462956, 0.3312796660793751]"
native,MAR,xgboost,True,"[0.1992738891224306, 0.2502387597015918, 0.4532704995611745, 0.3245452919844354]"
native,MCAR,lightgbm,True,"[0.2913102714552629, 0.20938024255501375, 0.41969616494513673, 0.060241405144626725]"
native,MCAR,xgboost,True,"[0.3432137501565542, 0.10852623146165286, 0.41443870828068796, 0.11380383993051524]"
positive_matrix_factorization,MAR,lightgbm,True,"[0.036259793349699976, 0.1916624831692637, 0.34102452775352887, 0.40184063509717305]"
positive_matrix_factorization,MAR,xgboost,True,"[0.021405750603292972, 0.2601317164526584, 0.3705983043634582, 0.4110305165420769]"
positive_matrix_factorization,MCAR,lightgbm,True,"[0.10226644758748193, 0.09580640265949114, 0.24605917970508528, 0.24729231294563192]"
positive_matrix_factorization,MCAR,xgboost,True,"[0.16394348463414232, 0.07670754782078149, 0.19416639468460417, 0.29507103575465976]"
saits,MAR,lightgbm,True,"[0.47929921923580565, 0.21622237531094868, 0.5805581679452985, 0.1733622343785477]"
saits,MAR,xgboost,True,"[0.38706559299173904, 0.09790427862201767, 0.7537091820118462, 0.20829082935241772]"
saits,MCAR,lightgbm,True,"[0.42615533362534563, 0.2186590045591288, 0.24301517970805975, 0.7907461705588155]"
saits,MCAR,xgboost,True,"[0.45109161765754635, 0.25582412977632885, 0.0985160941399279, 0.9291527678197262]"
spatial,MAR,lightgbm,True,"[0.009978322952278518, 0.0937833572826321, 0.04229784235647571, 0.3106733721351702]"
spatial,MAR,xgboost,True,"[0.08466027092124406, 0.038361795057358705, 0.0786641397182386, 0.34462445201488734]"
spatial,MCAR,lightgbm,False,"[0.05889176786979533, -0.040266199311478346, 0.13491395824820884, 0.10498424350316427]"
spatial,MCAR,xgboost,False,"[0.06658454190291963, -0.09016968777544321, 0.16334789450261056, 0.12853826006332625]"
spatiotemporal,MAR,lightgbm,True,"[0.20137590548978324, 0.02309592189590859, 0.18910723842892097, 0.2035127837140962]"
spatiotemporal,MAR,xgboost,True,"[0.15544481527820508, 0.03349204632968039, 0.30249463837687784, 0.15872702700318797]"
spatiotemporal,MCAR,lightgbm,False,"[-0.007695413830742126, 0.08659855750486045, 0.15937046476696537, 0.2574892755320022]"
spatiotemporal,MCAR,xgboost,False,"[-0.0266400286722579, 0.008689712194296817, 0.22202741731529585, 0.2258600775508448]"
temporal,MAR,lightgbm,False,"[-0.09856018854975801, -0.23348251383963614, 0.02871610070737063, -0.20703353076171283]"
temporal,MAR,xgboost,False,"[-0.13456376947052107, -0.10483399600590104, 0.027944541612363594, -0.2087218123481911]"
temporal,MCAR,lightgbm,False,"[-0.17028858475536168, -0.3094972387370909, -0.2405175320079529, -0.3448802024237452]"
temporal,MCAR,xgboost,False,"[-0.015591816911371126, -0.3909299545827878, -0.23235070350525078, -0.3769878857018689]"
