method,mechanism,model,accuracy_score,robustness_score,efficiency_score,scenario,composite_score,rank
temporal,MCAR,lightgbm,1.0,1.0,0.9991718806048316,accuracy_priority,0.9998343761209664,1
hybrid_linear_seasonal,MCAR,lightgbm,0.9965158394780815,0.9958965071242332,0.9835811162706516,accuracy_priority,0.993743095130441,2
temporal,MCAR,xgboost,0.9328542508858841,0.996097642808324,0.9914091103780556,accuracy_priority,0.9635382403610504,3
hybrid_linear_seasonal,MCAR,xgboost,0.93460445909122,0.9926000075839913,0.9757118987924707,accuracy_priority,0.9602246115793015,4
temporal,MAR,lightgbm,0.8428571309122509,0.7763038871790408,0.9945380236392339,accuracy_priority,0.8532273363376845,5
hybrid_linear_seasonal,MAR,lightgbm,0.8204033780813614,0.7624948586354884,0.9853292455821695,accuracy_priority,0.8360159957477611,6
temporal,MAR,xgboost,0.7754200639958213,0.7289096218700253,0.9910824504288684,accuracy_priority,0.8045994086446919,7
hybrid_linear_seasonal,MAR,xgboost,0.7602164302689103,0.7147858322583585,0.9772474330828608,accuracy_priority,0.7899934514285348,8
spatiotemporal,MCAR,lightgbm,0.44604797529304374,0.3976103722454052,0.9896643941536012,accuracy_priority,0.5402399781508637,9
positive_matrix_factorization,MCAR,lightgbm,0.4780023990835285,0.3226983767532189,0.9852731207787025,accuracy_priority,0.5328653367234704,10
spatiotemporal,MCAR,xgboost,0.4136090259908496,0.4201973584809111,0.9801864475277559,accuracy_priority,0.5289010100452494,11
positive_matrix_factorization,MCAR,xgboost,0.41291683336848695,0.32178560010409507,0.9776727322546831,accuracy_priority,0.49852864316640866,12
spatiotemporal,MAR,lightgbm,0.3779171492082676,0.36549235879962694,0.9907308756899886,accuracy_priority,0.49675245738201956,13
spatiotemporal,MAR,xgboost,0.37013218682092786,0.3362918587167376,0.9828363236994905,accuracy_priority,0.4825209157653833,14
positive_matrix_factorization,MAR,lightgbm,0.43908824293006377,0.2074523519425261,0.9856841227576038,accuracy_priority,0.47891665159931046,15
spatial,MCAR,lightgbm,0.6116789174637378,0.4938296137697845,0.008193308725480408,accuracy_priority,0.45562700460790034,16
spatial,MAR,lightgbm,0.5579899400006558,0.42650811847298786,0.1763810250324238,accuracy_priority,0.44222361054870907,17
spatial,MCAR,xgboost,0.5514558088787052,0.4941240644832372,0.0,accuracy_priority,0.4239651237843237,18
positive_matrix_factorization,MAR,xgboost,0.3524852832772287,0.16397058191308078,0.9777044618807744,accuracy_priority,0.4209747085886935,19
native,MCAR,lightgbm,0.28653204951397016,0.18960600732184152,0.9999531020326321,accuracy_priority,0.400138447360064,20
spatial,MAR,xgboost,0.48519542922848313,0.4018920458787778,0.16841281860416024,accuracy_priority,0.39684789209870697,21
native,MAR,lightgbm,0.3042410984688053,0.12046149765674485,1.0,accuracy_priority,0.3882589985314261,22
native,MCAR,xgboost,0.23511900380951645,0.2061195944746984,0.9917048653089532,accuracy_priority,0.3777363533089584,23
native,MAR,xgboost,0.24501182796255028,0.10229926501143494,0.9920245890690407,accuracy_priority,0.3516006112985138,24
saits,MAR,lightgbm,0.1354594381834867,0.019656679245235065,0.9860197239309249,accuracy_priority,0.2708306676514989,25
saits,MAR,xgboost,0.08694935228874545,0.011986088353332147,0.976171740074445,accuracy_priority,0.24230485066526136,26
saits,MCAR,lightgbm,0.07729575528806232,0.0007201660200458759,0.983608470564778,accuracy_priority,0.2355856215630005,27
saits,MCAR,xgboost,0.0,0.0,0.9793527749906344,accuracy_priority,0.1958705549981269,28
temporal,MCAR,lightgbm,1.0,1.0,0.9991718806048316,efficiency_priority,0.9995859403024159,1
hybrid_linear_seasonal,MCAR,lightgbm,0.9965158394780815,0.9958965071242332,0.9835811162706516,efficiency_priority,0.9898936447859045,2
temporal,MCAR,xgboost,0.9328542508858841,0.996097642808324,0.9914091103780556,efficiency_priority,0.9779425286125798,3
hybrid_linear_seasonal,MCAR,xgboost,0.93460445909122,0.9926000075839913,0.9757118987924707,efficiency_priority,0.9696570660650381,4
temporal,MAR,lightgbm,0.8428571309122509,0.7763038871790408,0.9945380236392339,efficiency_priority,0.9020592663424398,5
hybrid_linear_seasonal,MAR,lightgbm,0.8204033780813614,0.7624948586354884,0.9853292455821695,efficiency_priority,0.8883891819702971,6
temporal,MAR,xgboost,0.7754200639958213,0.7289096218700253,0.9910824504288684,efficiency_priority,0.8716236466808959,7
hybrid_linear_seasonal,MAR,xgboost,0.7602164302689103,0.7147858322583585,0.9772474330828608,efficiency_priority,0.8573742821732475,8
spatiotemporal,MCAR,lightgbm,0.44604797529304374,0.3976103722454052,0.9896643941536012,efficiency_priority,0.7057467839614129,9
spatiotemporal,MCAR,xgboost,0.4136090259908496,0.4201973584809111,0.9801864475277559,efficiency_priority,0.698544819881818,10
positive_matrix_factorization,MCAR,lightgbm,0.4780023990835285,0.3226983767532189,0.9852731207787025,efficiency_priority,0.6928117543485381,11
spatiotemporal,MAR,lightgbm,0.3779171492082676,0.36549235879962694,0.9907308756899886,efficiency_priority,0.681217814846968,12
positive_matrix_factorization,MCAR,xgboost,0.41291683336848695,0.32178560010409507,0.9776727322546831,efficiency_priority,0.672511974495487,13
spatiotemporal,MAR,xgboost,0.37013218682092786,0.3362918587167376,0.9828363236994905,efficiency_priority,0.6680241732341616,14
positive_matrix_factorization,MAR,lightgbm,0.43908824293006377,0.2074523519425261,0.9856841227576038,efficiency_priority,0.6544772100969494,15
native,MCAR,lightgbm,0.28653204951397016,0.18960600732184152,0.9999531020326321,efficiency_priority,0.6190110652252689,16
positive_matrix_factorization,MAR,xgboost,0.3524852832772287,0.16397058191308078,0.9777044618807744,efficiency_priority,0.6179661972379646,17
native,MAR,lightgbm,0.3042410984688053,0.12046149765674485,1.0,efficiency_priority,0.6061756490313875,18
native,MCAR,xgboost,0.23511900380951645,0.2061195944746984,0.9917048653089532,efficiency_priority,0.6061620822255303,19
native,MAR,xgboost,0.24501182796255028,0.10229926501143494,0.9920245890690407,efficiency_priority,0.5828400677780167,20
saits,MAR,lightgbm,0.1354594381834867,0.019656679245235065,0.9860197239309249,efficiency_priority,0.5317888913226428,21
saits,MAR,xgboost,0.08694935228874545,0.011986088353332147,0.976171740074445,efficiency_priority,0.5128197301977419,22
saits,MCAR,lightgbm,0.07729575528806232,0.0007201660200458759,0.983608470564778,efficiency_priority,0.511308215609416,23
saits,MCAR,xgboost,0.0,0.0,0.9793527749906344,efficiency_priority,0.4896763874953172,24
spatial,MAR,lightgbm,0.5579899400006558,0.42650811847298786,0.1763810250324238,efficiency_priority,0.3343150271346228,25
spatial,MAR,xgboost,0.48519542922848313,0.4018920458787778,0.16841281860416024,efficiency_priority,0.3059782780788953,26
spatial,MCAR,lightgbm,0.6116789174637378,0.4938296137697845,0.008193308725480408,efficiency_priority,0.2804737871711208,27
spatial,MCAR,xgboost,0.5514558088787052,0.4941240644832372,0.0,efficiency_priority,0.2613949683404856,28
temporal,MCAR,lightgbm,1.0,1.0,0.9991718806048316,equal,0.9997239602016105,1
hybrid_linear_seasonal,MCAR,lightgbm,0.9965158394780815,0.9958965071242332,0.9835811162706516,equal,0.9919978209576554,2
temporal,MCAR,xgboost,0.9328542508858841,0.996097642808324,0.9914091103780556,equal,0.973453668024088,3
hybrid_linear_seasonal,MCAR,xgboost,0.93460445909122,0.9926000075839913,0.9757118987924707,equal,0.9676387884892272,4
temporal,MAR,lightgbm,0.8428571309122509,0.7763038871790408,0.9945380236392339,equal,0.8712330139101752,5
hybrid_linear_seasonal,MAR,lightgbm,0.8204033780813614,0.7624948586354884,0.9853292455821695,equal,0.8560758274330064,6
temporal,MAR,xgboost,0.7754200639958213,0.7289096218700253,0.9910824504288684,equal,0.8318040454315716,7
hybrid_linear_seasonal,MAR,xgboost,0.7602164302689103,0.7147858322583585,0.9772474330828608,equal,0.8174165652033765,8
spatiotemporal,MCAR,lightgbm,0.44604797529304374,0.3976103722454052,0.9896643941536012,equal,0.6111075805640167,9
spatiotemporal,MCAR,xgboost,0.4136090259908496,0.4201973584809111,0.9801864475277559,equal,0.6046642773331722,10
positive_matrix_factorization,MCAR,lightgbm,0.4780023990835285,0.3226983767532189,0.9852731207787025,equal,0.59532463220515,11
spatiotemporal,MAR,lightgbm,0.3779171492082676,0.36549235879962694,0.9907308756899886,equal,0.578046794565961,12
positive_matrix_factorization,MCAR,xgboost,0.41291683336848695,0.32178560010409507,0.9776727322546831,equal,0.5707917219090883,13
spatiotemporal,MAR,xgboost,0.37013218682092786,0.3362918587167376,0.9828363236994905,equal,0.5630867897457186,14
positive_matrix_factorization,MAR,lightgbm,0.43908824293006377,0.2074523519425261,0.9856841227576038,equal,0.5440749058767311,15
positive_matrix_factorization,MAR,xgboost,0.3524852832772287,0.16397058191308078,0.9777044618807744,equal,0.498053442357028,16
native,MCAR,lightgbm,0.28653204951397016,0.18960600732184152,0.9999531020326321,equal,0.49203038628948126,17
native,MCAR,xgboost,0.23511900380951645,0.2061195944746984,0.9917048653089532,equal,0.47764782119772264,18
native,MAR,lightgbm,0.3042410984688053,0.12046149765674485,1.0,equal,0.4749008653751834,19
native,MAR,xgboost,0.24501182796255028,0.10229926501143494,0.9920245890690407,equal,0.4464452273476752,20
spatial,MAR,lightgbm,0.5579899400006558,0.42650811847298786,0.1763810250324238,equal,0.3869596945020225,21
saits,MAR,lightgbm,0.1354594381834867,0.019656679245235065,0.9860197239309249,equal,0.38037861378654886,22
spatial,MCAR,lightgbm,0.6116789174637378,0.4938296137697845,0.008193308725480408,equal,0.3712339466530009,23
saits,MAR,xgboost,0.08694935228874545,0.011986088353332147,0.976171740074445,equal,0.35836906023884085,24
saits,MCAR,lightgbm,0.07729575528806232,0.0007201660200458759,0.983608470564778,equal,0.353874797290962,25
spatial,MAR,xgboost,0.48519542922848313,0.4018920458787778,0.16841281860416024,equal,0.3518334312371404,26
spatial,MCAR,xgboost,0.5514558088787052,0.4941240644832372,0.0,equal,0.34852662445398075,27
saits,MCAR,xgboost,0.0,0.0,0.9793527749906344,equal,0.3264509249968781,28
