method,mechanism,model,mean_rmse,mean_mae,mean_r2,mean_train_time_sec,robustness_slope,mean_total_time_sec
hybrid_linear_seasonal,MAR,lightgbm,22.455739042580646,11.993010310266895,0.9251927907102938,4.157121997999881,-0.0113567425700931,10.786105117997309
hybrid_linear_seasonal,MAR,xgboost,22.57297389848857,11.91096298554228,0.9244113955655698,8.014950484667207,-0.0082537993402591,14.643933604664635
hybrid_linear_seasonal,MCAR,lightgbm,22.112699234352274,11.781498442109719,0.9274438341544764,4.048476099999583,-0.026536932148588,11.620569300002145
hybrid_linear_seasonal,MCAR,xgboost,22.23329301793026,11.696212737490592,0.9266499040258716,7.804823003333877,-0.0263225314008199,15.37691620333644
native,MAR,lightgbm,23.461143248556432,12.832051385904505,0.9183208023589358,3.783065351998278,0.0304004095257952,3.783065351998278
native,MAR,xgboost,23.57651269734406,12.719120321805034,0.9175126279332873,7.590103375333323,0.0315816614000202,7.590103375333323
native,MCAR,lightgbm,23.49563773412091,12.792875053712216,0.9180878245830231,3.805451953332328,0.0259033257570023,3.805451953332328
native,MCAR,xgboost,23.595782387139884,12.686574924249154,0.9173897742106997,7.742722534666148,0.0248292999940118,7.742722534666148
positive_matrix_factorization,MAR,lightgbm,23.198481888824876,12.683075803404682,0.9201468997584467,3.9818423833311924,0.0247426188966212,10.616705583329118
positive_matrix_factorization,MAR,xgboost,23.367171045944744,12.621927958392837,0.9189767778751968,7.790909105333267,0.027570625967391,14.425772305331193
positive_matrix_factorization,MCAR,lightgbm,23.122683137513448,12.594950040804493,0.9206783464801007,3.953182921332967,0.0172471426815995,10.8128961213325
positive_matrix_factorization,MCAR,xgboost,23.249459742668197,12.532906397537415,0.9198061870988844,7.5812051453340485,0.0173065086829377,14.44091834533358
saits,MAR,lightgbm,23.789903791209436,13.134518505265989,0.9160025806194834,3.8587962893324828,0.0369566453699746,10.456507389333954
saits,MAR,xgboost,23.884393927969196,13.049606617488815,0.9153317943261478,8.559701273334213,0.0374555322658989,15.157412373335683
saits,MCAR,lightgbm,23.90319764031053,13.158656187939274,0.9151963800427039,4.8511403913338045,0.0381882556116988,11.607511811335765
saits,MCAR,xgboost,24.053757804313655,13.095784925857231,0.914122978987656,6.882583662001028,0.0382350944270331,13.638955082002989
spatial,MAR,lightgbm,22.966879791860013,12.444291800999709,0.9217488076830576,3.8330798846661733,0.0104954698909222,396.93506486466134
spatial,MAR,xgboost,23.10867222845036,12.383127185635875,0.9207781086202051,7.636678860666968,0.0120964725019904,400.7386638406621
spatial,MCAR,lightgbm,22.862301976145854,12.32962757178247,0.9224623815589721,3.677266835333042,0.006116952995561,477.21895701533265
spatial,MCAR,xgboost,22.979607267640183,12.277927481814155,0.9216641780005458,7.588317704667376,0.0060978022411397,481.13000788466695
spatiotemporal,MAR,lightgbm,23.317633708594034,12.602250376937077,0.91933796903969,3.1974664013353564,0.0144638685938224,8.207653501337433
spatiotemporal,MAR,xgboost,23.33279761001951,12.530015937591012,0.9192309422207924,6.965906656664835,0.0163630373868247,11.976093756666911
spatiotemporal,MCAR,lightgbm,23.184925407720797,12.529027469935391,0.920254603338858,3.791587362000137,0.0123749479021801,8.716735201999546
spatiotemporal,MCAR,xgboost,23.248111458608403,12.466071843764038,0.9198199782086864,8.315856205335198,0.0109059148628596,13.241004045334606
temporal,MAR,lightgbm,22.412002608463332,11.953894559248278,0.9254832936178639,5.987611687999063,-0.0122548667801973,6.390323067995681
temporal,MAR,xgboost,22.543359573887738,11.879660095647239,0.9246085968434257,7.637118994664828,-0.0091723952681804,8.039830374661445
temporal,MCAR,lightgbm,22.10591262908995,11.782230232312466,0.9274879380802102,3.7350866333319575,-0.0268038188659333,4.178365613333881
temporal,MCAR,xgboost,22.236702152538662,11.696657265269009,0.9266268370215595,7.440621266667149,-0.0265500137949057,7.883900246669073
